condition,task,seed,success,viability,architecture_score,final_gap,energy,agreements,exact_partition
individual_constitutive,assemble,2000,0,0.1140484714563144,0.29976287091516346,8.000970067356514,7.871850000000005,0,1.0
individual_constitutive,assemble,2001,0,0.22715887823152806,0.3123167845374115,8.334226597749161,28.488599999999963,0,1.0
individual_constitutive,assemble,2002,0,0.4933237040667343,0.35687811841765693,6.701075354253752,19.304774999999985,0,1.0
individual_constitutive,assemble,2003,0,0.1050387576844669,0.33379289478707813,7.495812723053831,24.927524999999978,0,1.0
individual_constitutive,assemble,2004,0,0.10572094315015414,0.26348666648470437,8.84017484181872,17.617950000000004,0,0.0
individual_constitutive,assemble,2005,0,0.282465743229108,0.20307233802726476,10.817978463405295,32.61194999999995,0,1.0
individual_constitutive,assemble,2006,0,0.04953972371602024,0.22493437763730761,10.208604778208834,14.431725000000009,0,0.0
individual_constitutive,assemble,2007,0,0.6374393416874586,0.34707756994564415,6.511824581123516,14.806574999999997,0,1.0
individual_constitutive,assemble,2008,0,0.04989045082209908,0.29622444288694155,8.294047647308474,21.74129999999999,0,1.0
individual_constitutive,assemble,2009,0,0.05295336262444874,0.21389971717656486,10.196794528423155,15.18142500000001,0,0.0
individual_constitutive,assemble,2010,0,0.2481730195922406,0.3322230042700585,7.839028178143494,27.55147499999996,0,1.0
individual_constitutive,assemble,2011,0,0.08243404952531995,0.2865904161220643,8.704712761174454,36.17302499999997,0,0.0
individual_constitutive,assemble,2012,0,0.7569260159426708,0.3267774796811079,7.530557597090971,9.558675000000003,0,1.0
individual_constitutive,assemble,2013,0,0.055642861039164736,0.31284575406724363,8.065365547872371,20.991599999999995,0,0.0
individual_constitutive,assemble,2014,0,0.1765630370195176,0.3310327597751556,7.158028273461328,31.674824999999945,0,1.0
individual_constitutive,assemble,2015,0,0.10968993119414974,0.25580160629310617,8.984919754846617,10.495800000000003,0,1.0
individual_constitutive,assemble,2016,0,0.6928140283748185,0.2762287951883669,8.230560569766485,15.556275,0,1.0
individual_constitutive,assemble,2017,0,0.3465918209869028,0.26917031838400424,9.258107679212399,28.113749999999964,0,0.0
individual_constitutive,assemble,2018,0,0.03921422101793963,0.21137905103652166,11.21474012510229,29.238299999999956,0,0.0
individual_constitutive,assemble,2019,0,0.1595327502156202,0.32189813661568784,7.724681449643453,32.23709999999995,2,1.0
individual_constitutive,repair,2000,0,0.07751192938969369,0.31631376753244966,7.876956472527303,21.366449999999986,0,0.0
individual_constitutive,repair,2001,0,0.42371565928942384,0.2969630032197909,8.195932772439583,17.992800000000003,0,1.0
individual_constitutive,repair,2002,0,0.123531238486849,0.2088342345237212,10.764392503298547,11.058075000000008,0,1.0
individual_constitutive,repair,2003,0,0.22900960862250402,0.22277871918898387,9.996343395038078,17.243100000000005,0,1.0
individual_constitutive,repair,2004,0,0.5952256656589876,0.2673152385465879,8.303294594869937,24.36524999999998,0,1.0
individual_constitutive,repair,2005,0,0.5799316308744012,0.30694697413157795,7.287198964520324,14.05687500000001,0,0.0
individual_constitutive,repair,2006,0,0.4461788285585281,0.2686925394670752,9.196930939860076,15.368850000000007,0,1.0
individual_constitutive,repair,2007,0,0.6128090185193112,0.3162995209918552,7.841664381993707,20.99159999999999,0,1.0
individual_constitutive,repair,2008,0,0.1280317353573578,0.3135457118679127,7.394723207207024,11.058075000000004,0,1.0
individual_constitutive,repair,2009,0,0.5560362381734868,0.20912178390198088,10.534997589625291,19.304774999999996,0,1.0
individual_constitutive,repair,2010,0,0.07166544093349125,0.38598745955967245,6.170189938900152,21.179024999999992,0,1.0
individual_constitutive,repair,2011,0,0.5049012503577385,0.26300231400256874,8.794105767870848,21.741299999999978,0,1.0
individual_constitutive,repair,2012,0,0.3790200671846882,0.3194390080144016,7.602167261215951,16.305975000000004,0,1.0
individual_constitutive,repair,2013,0,0.1204854927655334,0.24344263044828007,10.136344882801048,17.055675,0,1.0
individual_constitutive,repair,2014,0,0.6663367701139201,0.2344131285197682,9.861088416944776,21.553874999999987,0,1.0
individual_constitutive,repair,2015,0,0.6615889769773458,0.22314238561032254,10.64595578070859,9.558675,0,1.0
individual_constitutive,repair,2016,0,0.08755709567452583,0.19244460206977074,11.112150325358169,23.99039999999998,0,1.0
individual_constitutive,repair,2017,0,0.8565128807574863,0.2262660287188003,10.279419264459056,7.122150000000004,0,1.0
individual_constitutive,repair,2018,0,0.10093369255840313,0.21018837299798832,10.943129981869802,12.182625000000009,0,1.0
individual_constitutive,repair,2019,0,0.8025579207690432,0.3392513334007145,6.8532467526373555,12.932325000000008,0,1.0
individual_constitutive,reconfigure,2000,1,0.7815173729599285,0.919447445312665,0.0,13.307174999999988,1,1.0
individual_constitutive,reconfigure,2001,0,0.881629237899874,0.5292201381405198,0.0,8.059275000000005,0,1.0
individual_constitutive,reconfigure,2002,0,0.8559557782317118,0.5145126935205714,0.0,9.558675000000003,1,0.0
individual_constitutive,reconfigure,2003,1,0.7988475323243643,0.8200753104253906,0.0,13.307174999999988,1,0.0
individual_constitutive,reconfigure,2004,0,0.8099685914958219,0.5546250453770335,0.0,12.370049999999996,0,1.0
individual_constitutive,reconfigure,2005,0,0.8662203955630084,0.5618559596267242,0.0,8.808975000000002,0,1.0
individual_constitutive,reconfigure,2006,1,0.8278800002809446,0.82824163540135,0.0,11.245500000000003,1,1.0
individual_constitutive,reconfigure,2007,0,0.8560119942225711,0.5068633131225394,0.0,9.371250000000003,0,1.0
individual_constitutive,reconfigure,2008,0,0.8900167008086535,0.595,0.0,7.122150000000005,0,0.0
individual_constitutive,reconfigure,2009,0,0.8576855298089519,0.595,0.0,9.558675000000003,0,1.0
individual_constitutive,reconfigure,2010,0,0.9169222184539579,0.595,0.0,5.060475000000003,0,0.0
individual_constitutive,reconfigure,2011,0,0.854253502426343,0.4751178362248332,0.0,9.746100000000002,0,1.0
individual_constitutive,reconfigure,2012,0,0.826519202032263,0.48381400483485953,0.0,10.308374999999998,0,0.0
individual_constitutive,reconfigure,2013,0,0.8560069772329701,0.5236563692652895,0.0,8.808975000000006,0,0.0
individual_constitutive,reconfigure,2014,0,0.7780137552644634,0.595,0.0,13.30717499999999,1,0.0
individual_constitutive,reconfigure,2015,0,0.8655852000120048,0.49558938817928505,0.0,8.059275000000005,0,1.0
individual_constitutive,reconfigure,2016,0,0.8703977551594716,0.4983632597959017,0.0,8.808975000000002,0,1.0
individual_constitutive,reconfigure,2017,0,0.8612487023797867,0.595,0.0,9.558675000000001,1,0.0
individual_constitutive,reconfigure,2018,0,0.7722511901011767,0.514071260978981,0.0,13.307174999999997,0,1.0
individual_constitutive,reconfigure,2019,0,0.8342298572406763,0.47383534676234973,0.0,10.683225,0,0.0
local_shared_policy,assemble,2000,1,0.8476269095759144,0.8149387770525238,0.0,9.558675000000003,10,1.0
local_shared_policy,assemble,2001,1,0.2068574941405067,0.8851847076851446,0.0,28.488599999999963,10,0.0
local_shared_policy,assemble,2002,0,0.4933237040667343,0.35687811841765693,6.701075354253752,19.304774999999985,10,1.0
local_shared_policy,assemble,2003,0,0.1050387576844669,0.33379289478707813,7.495812723053831,24.927524999999978,10,1.0
local_shared_policy,assemble,2004,0,0.10572094315015414,0.26348666648470437,8.84017484181872,17.617950000000004,10,0.0
local_shared_policy,assemble,2005,0,0.282465743229108,0.20307233802726476,10.817978463405295,32.61194999999995,10,1.0
local_shared_policy,assemble,2006,1,0.876621619612604,0.8058392669770222,0.0,7.871850000000005,10,1.0
local_shared_policy,assemble,2007,0,0.6374393416874586,0.34707756994564415,6.511824581123516,14.806574999999997,6,1.0
local_shared_policy,assemble,2008,1,0.8240136665400782,0.8353688600783342,0.0,10.308374999999998,10,0.0
local_shared_policy,assemble,2009,0,0.05295336262444874,0.21389971717656486,10.196794528423155,15.18142500000001,10,0.0
local_shared_policy,assemble,2010,0,0.2481730195922406,0.3322230042700585,7.839028178143494,27.55147499999996,10,1.0
local_shared_policy,assemble,2011,1,0.8340459455319126,0.8507711470932692,0.0,11.995199999999995,10,1.0
local_shared_policy,assemble,2012,1,0.8931159678051742,0.8376489918751326,0.0,6.7473000000000045,10,1.0
local_shared_policy,assemble,2013,0,0.055642861039164736,0.31284575406724363,8.065365547872371,20.991599999999995,10,0.0
local_shared_policy,assemble,2014,0,0.1765630370195176,0.3310327597751556,7.158028273461328,31.674824999999945,10,1.0
local_shared_policy,assemble,2015,1,0.8444973758657063,0.7864405550143867,0.0,10.308375,10,1.0
local_shared_policy,assemble,2016,1,0.8562832388752921,0.7728226269176959,0.0,9.371249999999998,8,1.0
local_shared_policy,assemble,2017,1,0.34944589487051264,0.8562888775553963,0.0,26.801774999999978,10,1.0
local_shared_policy,assemble,2018,0,0.03921422101793963,0.21137905103652166,11.21474012510229,29.238299999999956,10,0.0
local_shared_policy,assemble,2019,1,0.8642313813646513,0.8454088282668127,0.0,7.684425000000004,10,1.0
local_shared_policy,repair,2000,1,0.8600121340778923,0.846706582779202,0.0,9.933525,10,0.0
local_shared_policy,repair,2001,0,0.42371565928942384,0.2969630032197909,8.195932772439583,17.992800000000003,10,1.0
local_shared_policy,repair,2002,1,0.4551435637923441,0.8019849675022164,0.0,13.494599999999997,10,1.0
local_shared_policy,repair,2003,0,0.22900960862250402,0.22277871918898387,9.996343395038078,17.243100000000005,4,1.0
local_shared_policy,repair,2004,1,0.5759271519515384,0.7547151965965779,0.0,24.17782499999998,10,1.0
local_shared_policy,repair,2005,0,0.5799316308744012,0.30694697413157795,7.287198964520324,14.05687500000001,4,0.0
local_shared_policy,repair,2006,0,0.4461788285585281,0.2686925394670752,9.196930939860076,15.368850000000007,10,1.0
local_shared_policy,repair,2007,1,0.7817116666047268,0.8429415868842828,0.0,13.682025000000001,8,1.0
local_shared_policy,repair,2008,1,0.8916007451915652,0.7901995920577896,0.0,7.497000000000005,10,1.0
local_shared_policy,repair,2009,0,0.5560362381734868,0.20912178390198088,10.534997589625291,19.304774999999996,10,1.0
local_shared_policy,repair,2010,1,0.8840382843556388,0.8347052120963631,0.0,7.6844250000000045,10,1.0
local_shared_policy,repair,2011,0,0.5049012503577385,0.26300231400256874,8.794105767870848,21.741299999999978,10,1.0
local_shared_policy,repair,2012,0,0.3790200671846882,0.3194390080144016,7.602167261215951,16.305975000000004,0,1.0
local_shared_policy,repair,2013,1,0.8746940317499671,0.864303881101815,0.0,8.621550000000001,10,1.0
local_shared_policy,repair,2014,0,0.6663367701139201,0.2344131285197682,9.861088416944776,21.553874999999987,10,1.0
local_shared_policy,repair,2015,0,0.6615889769773458,0.22314238561032254,10.64595578070859,9.558675,8,1.0
local_shared_policy,repair,2016,0,0.08755709567452583,0.19244460206977074,11.112150325358169,23.99039999999998,10,1.0
local_shared_policy,repair,2017,1,0.8918795499484183,0.8178171947229862,0.0,7.122150000000004,8,0.0
local_shared_policy,repair,2018,0,0.10093369255840313,0.21018837299798832,10.943129981869802,12.182625000000009,10,1.0
local_shared_policy,repair,2019,0,0.8025579207690432,0.3392513334007145,6.8532467526373555,12.932325000000008,10,1.0
local_shared_policy,reconfigure,2000,1,0.7815173729599285,0.919447445312665,0.0,13.307174999999988,1,1.0
local_shared_policy,reconfigure,2001,0,0.8874064374259785,0.5292201381405198,0.0,7.497000000000004,1,1.0
local_shared_policy,reconfigure,2002,0,0.8559557782317118,0.5145126935205714,0.0,9.558675000000003,1,0.0
local_shared_policy,reconfigure,2003,1,0.7988475323243643,0.8200753104253906,0.0,13.307174999999988,1,0.0
local_shared_policy,reconfigure,2004,0,0.7221942226335574,0.4464470517548776,0.0,16.493399999999994,1,1.0
local_shared_policy,reconfigure,2005,0,0.8677377090150619,0.5618559596267242,0.0,8.808975000000002,1,1.0
local_shared_policy,reconfigure,2006,1,0.8278800002809446,0.82824163540135,0.0,11.245500000000003,1,1.0
local_shared_policy,reconfigure,2007,1,0.8239973727454342,0.8568633131225396,0.0,11.058075000000002,1,0.0
local_shared_policy,reconfigure,2008,0,0.8900167008086535,0.595,0.0,7.122150000000005,1,0.0
local_shared_policy,reconfigure,2009,0,0.8576855298089519,0.595,0.0,9.558675000000003,1,1.0
local_shared_policy,reconfigure,2010,0,0.888379563853208,0.14999999999999997,0.0,6.934725000000005,1,0.0
local_shared_policy,reconfigure,2011,0,0.84562707586327,0.7537470899698598,0.0,9.933524999999998,1,0.0
local_shared_policy,reconfigure,2012,0,0.825545373049005,0.48381400483485953,0.0,10.495799999999997,1,0.0
local_shared_policy,reconfigure,2013,0,0.8589508089820076,0.5236563692652895,0.0,8.621550000000004,1,0.0
local_shared_policy,reconfigure,2014,0,0.7780137552644634,0.595,0.0,13.30717499999999,1,0.0
local_shared_policy,reconfigure,2015,1,0.8475442060456285,0.8455893881792849,0.0,9.37125,1,1.0
local_shared_policy,reconfigure,2016,1,0.8551368128142692,0.8483632597959015,0.0,9.746100000000002,1,1.0
local_shared_policy,reconfigure,2017,0,0.8612487023797867,0.595,0.0,9.558675000000001,1,0.0
local_shared_policy,reconfigure,2018,1,0.7576782820320043,0.8640712609789812,0.0,13.307174999999997,1,1.0
local_shared_policy,reconfigure,2019,0,0.7956505907207588,0.4742524443935034,0.0,12.7449,1,1.0
pooled_independent_policy,assemble,2000,1,0.8517503833707645,0.8149387770525238,0.0,9.746100000000002,10,1.0
pooled_independent_policy,assemble,2001,0,0.22715887823152806,0.3123167845374115,8.334226597749161,28.488599999999963,6,1.0
pooled_independent_policy,assemble,2002,0,0.4933237040667343,0.35687811841765693,6.701075354253752,19.304774999999985,3,1.0
pooled_independent_policy,assemble,2003,0,0.1050387576844669,0.33379289478707813,7.495812723053831,24.927524999999978,6,1.0
pooled_independent_policy,assemble,2004,1,0.847522482992481,0.7955427772331558,0.0,10.308374999999998,7,1.0
pooled_independent_policy,assemble,2005,0,0.282465743229108,0.20307233802726476,10.817978463405295,32.61194999999995,2,1.0
pooled_independent_policy,assemble,2006,0,0.04953972371602024,0.22493437763730761,10.208604778208834,14.431725000000009,4,0.0
pooled_independent_policy,assemble,2007,0,0.6374393416874586,0.34707756994564415,6.511824581123516,14.806574999999997,4,1.0
pooled_independent_policy,assemble,2008,0,0.04989045082209908,0.29622444288694155,8.294047647308474,21.74129999999999,6,1.0
pooled_independent_policy,assemble,2009,0,0.05295336262444874,0.21389971717656486,10.196794528423155,15.18142500000001,2,0.0
pooled_independent_policy,assemble,2010,0,0.2481730195922406,0.3322230042700585,7.839028178143494,27.55147499999996,0,1.0
pooled_independent_policy,assemble,2011,1,0.8285484836458945,0.8507711470932692,0.0,12.74489999999999,7,1.0
pooled_independent_policy,assemble,2012,0,0.7569260159426708,0.3267774796811079,7.530557597090971,9.558675000000003,1,1.0
pooled_independent_policy,assemble,2013,1,0.8325995137021701,0.8573797740765575,0.0,9.746100000000004,9,0.0
pooled_independent_policy,assemble,2014,0,0.1765630370195176,0.3310327597751556,7.158028273461328,31.674824999999945,5,1.0
pooled_independent_policy,assemble,2015,0,0.10968993119414974,0.25580160629310617,8.984919754846617,10.495800000000003,6,1.0
pooled_independent_policy,assemble,2016,0,0.6928140283748185,0.2762287951883669,8.230560569766485,15.556275,3,1.0
pooled_independent_policy,assemble,2017,0,0.3465918209869028,0.26917031838400424,9.258107679212399,28.113749999999964,4,0.0
pooled_independent_policy,assemble,2018,0,0.03921422101793963,0.21137905103652166,11.21474012510229,29.238299999999956,2,0.0
pooled_independent_policy,assemble,2019,0,0.1595327502156202,0.32189813661568784,7.724681449643453,32.23709999999995,0,1.0
pooled_independent_policy,repair,2000,0,0.07751192938969369,0.31631376753244966,7.876956472527303,21.366449999999986,3,0.0
pooled_independent_policy,repair,2001,0,0.42371565928942384,0.2969630032197909,8.195932772439583,17.992800000000003,1,1.0
pooled_independent_policy,repair,2002,0,0.123531238486849,0.2088342345237212,10.764392503298547,11.058075000000008,4,1.0
pooled_independent_policy,repair,2003,0,0.22900960862250402,0.22277871918898387,9.996343395038078,17.243100000000005,1,1.0
pooled_independent_policy,repair,2004,1,0.8269943881992152,0.7547151965965779,0.0,12.744899999999992,3,1.0
pooled_independent_policy,repair,2005,0,0.5799316308744012,0.30694697413157795,7.287198964520324,14.05687500000001,0,0.0
pooled_independent_policy,repair,2006,0,0.4461788285585281,0.2686925394670752,9.196930939860076,15.368850000000007,1,1.0
pooled_independent_policy,repair,2007,0,0.6128090185193112,0.3162995209918552,7.841664381993707,20.99159999999999,2,1.0
pooled_independent_policy,repair,2008,0,0.1280317353573578,0.3135457118679127,7.394723207207024,11.058075000000004,0,1.0
pooled_independent_policy,repair,2009,0,0.5560362381734868,0.20912178390198088,10.534997589625291,19.304774999999996,2,1.0
pooled_independent_policy,repair,2010,1,0.8896449558778852,0.8347052120963631,0.0,7.309575000000003,2,1.0
pooled_independent_policy,repair,2011,0,0.5049012503577385,0.26300231400256874,8.794105767870848,21.741299999999978,1,1.0
pooled_independent_policy,repair,2012,1,0.9091831684830404,0.826200322259412,0.0,5.810175000000002,2,1.0
pooled_independent_policy,repair,2013,0,0.1204854927655334,0.24344263044828007,10.136344882801048,17.055675,1,1.0
pooled_independent_policy,repair,2014,0,0.6663367701139201,0.2344131285197682,9.861088416944776,21.553874999999987,1,1.0
pooled_independent_policy,repair,2015,1,0.851825092137157,0.8443393952083779,0.0,9.558675000000001,4,1.0
pooled_independent_policy,repair,2016,0,0.08755709567452583,0.19244460206977074,11.112150325358169,23.99039999999998,1,1.0
pooled_independent_policy,repair,2017,1,0.9032591201222586,0.8178171947229862,0.0,6.185025000000003,2,1.0
pooled_independent_policy,repair,2018,1,0.8429331800739569,0.825422511715191,0.0,9.933525,2,0.0
pooled_independent_policy,repair,2019,0,0.8025579207690432,0.3392513334007145,6.8532467526373555,12.932325000000008,2,1.0
pooled_independent_policy,reconfigure,2000,1,0.7815173729599285,0.919447445312665,0.0,13.307174999999988,1,1.0
pooled_independent_policy,reconfigure,2001,1,0.8551356572443385,0.8792201381405197,0.0,9.183825,1,1.0
pooled_independent_policy,reconfigure,2002,1,0.8294750780622224,0.8645126935205716,0.0,11.058074999999995,1,0.0
pooled_independent_policy,reconfigure,2003,1,0.7988475323243643,0.8200753104253906,0.0,13.307174999999988,1,0.0
pooled_independent_policy,reconfigure,2004,1,0.7607525519839372,0.8914470517548773,0.0,13.682024999999998,1,1.0
pooled_independent_policy,reconfigure,2005,1,0.8429742593894362,0.911855959626724,0.0,10.120949999999999,1,1.0
pooled_independent_policy,reconfigure,2006,1,0.8278800002809446,0.82824163540135,0.0,11.245500000000003,1,1.0
pooled_independent_policy,reconfigure,2007,0,0.8563052386117064,0.5068633131225394,0.0,9.558675000000003,1,0.0
pooled_independent_policy,reconfigure,2008,1,0.8440147461749806,0.8195114167858294,0.0,9.371250000000002,1,0.0
pooled_independent_policy,reconfigure,2009,0,0.8576855298089519,0.595,0.0,9.558675000000003,0,1.0
pooled_independent_policy,reconfigure,2010,1,0.9096523875605318,0.8486562502006476,0.0,5.622750000000003,1,0.0
pooled_independent_policy,reconfigure,2011,1,0.8425887910270206,0.8251178362248333,0.0,10.495799999999997,1,1.0
pooled_independent_policy,reconfigure,2012,1,0.8107311175311918,0.8338140048348598,0.0,10.87065,1,1.0
pooled_independent_policy,reconfigure,2013,0,0.8589508089820076,0.5236563692652895,0.0,8.621550000000004,1,0.0
pooled_independent_policy,reconfigure,2014,1,0.8181939631298389,0.8918554052958158,0.0,11.245499999999996,1,1.0
pooled_independent_policy,reconfigure,2015,1,0.8475442060456285,0.8455893881792849,0.0,9.37125,1,1.0
pooled_independent_policy,reconfigure,2016,0,0.8703977551594716,0.4983632597959017,0.0,8.808975000000002,0,1.0
pooled_independent_policy,reconfigure,2017,1,0.8528577468502616,0.8462567675657978,0.0,10.120949999999999,1,1.0
pooled_independent_policy,reconfigure,2018,1,0.7576782820320043,0.8640712609789812,0.0,13.307174999999997,1,1.0
pooled_independent_policy,reconfigure,2019,1,0.8254014193931342,0.8238353467623496,0.0,10.683224999999998,1,0.0
collective_constitutive,assemble,2000,1,0.8517503833707645,0.8149387770525238,0.0,9.746100000000002,10,1.0
collective_constitutive,assemble,2001,0,0.22715887823152806,0.3123167845374115,8.334226597749161,28.488599999999963,10,1.0
collective_constitutive,assemble,2002,0,0.4933237040667343,0.35687811841765693,6.701075354253752,19.304774999999985,10,1.0
collective_constitutive,assemble,2003,0,0.1050387576844669,0.33379289478707813,7.495812723053831,24.927524999999978,10,1.0
collective_constitutive,assemble,2004,1,0.847522482992481,0.7955427772331558,0.0,10.308374999999998,6,1.0
collective_constitutive,assemble,2005,1,0.8408164539260218,0.7850987989936816,0.0,11.245499999999996,10,1.0
collective_constitutive,assemble,2006,1,0.8301223880718421,0.8058392669770222,0.0,8.434125000000002,8,1.0
collective_constitutive,assemble,2007,1,0.9002580418488824,0.7833083090897083,0.0,6.372450000000003,10,1.0
collective_constitutive,assemble,2008,0,0.04989045082209908,0.29622444288694155,8.294047647308474,21.74129999999999,10,1.0
collective_constitutive,assemble,2009,0,0.05295336262444874,0.21389971717656486,10.196794528423155,15.18142500000001,6,0.0
collective_constitutive,assemble,2010,1,0.860649261801101,0.8850861326530242,0.0,9.37125,10,1.0
collective_constitutive,assemble,2011,1,0.8285484836458945,0.8507711470932692,0.0,12.74489999999999,10,1.0
collective_constitutive,assemble,2012,1,0.8969688947489832,0.8376489918751326,0.0,6.559875000000004,10,1.0
collective_constitutive,assemble,2013,1,0.8325995137021701,0.8573797740765575,0.0,9.746100000000004,10,0.0
collective_constitutive,assemble,2014,1,0.16905893908864478,0.8099486712186188,0.0,31.674824999999945,9,1.0
collective_constitutive,assemble,2015,0,0.10968993119414974,0.25580160629310617,8.984919754846617,10.495800000000003,10,1.0
collective_constitutive,assemble,2016,1,0.8367165398156291,0.7728226269176959,0.0,10.683224999999993,10,1.0
collective_constitutive,assemble,2017,1,0.8453563931470669,0.8562888775553963,0.0,10.87065,10,1.0
collective_constitutive,assemble,2018,0,0.03921422101793963,0.21137905103652166,11.21474012510229,29.238299999999956,10,0.0
collective_constitutive,assemble,2019,1,0.7822836122385055,0.8454088282668127,0.0,10.870649999999998,6,1.0
collective_constitutive,repair,2000,0,0.07751192938969369,0.31631376753244966,7.876956472527303,21.366449999999986,10,0.0
collective_constitutive,repair,2001,0,0.42371565928942384,0.2969630032197909,8.195932772439583,17.992800000000003,10,1.0
collective_constitutive,repair,2002,1,0.8829871302137998,0.8019849675022164,0.0,7.497000000000004,10,1.0
collective_constitutive,repair,2003,1,0.8481958283827665,0.7772188046265343,0.0,9.183825,10,1.0
collective_constitutive,repair,2004,1,0.8269943881992152,0.7547151965965779,0.0,12.744899999999992,9,1.0
collective_constitutive,repair,2005,1,0.8681541524094958,0.7632417942827003,0.0,7.497000000000004,10,0.0
collective_constitutive,repair,2006,1,0.8406086874905926,0.8482573914842193,0.0,8.246700000000002,10,1.0
collective_constitutive,repair,2007,1,0.7461257431271145,0.8429415868842828,0.0,15.743699999999999,10,1.0
collective_constitutive,repair,2008,1,0.8916007451915652,0.7901995920577896,0.0,7.497000000000005,6,1.0
collective_constitutive,repair,2009,1,0.8608473865394135,0.780388192880807,0.0,8.808975000000004,10,1.0
collective_constitutive,repair,2010,1,0.8840382843556388,0.8347052120963631,0.0,7.6844250000000045,10,1.0
collective_constitutive,repair,2011,1,0.8304646573711024,0.7895206993160839,0.0,11.99519999999999,10,1.0
collective_constitutive,repair,2012,1,0.907579485609657,0.826200322259412,0.0,5.997600000000002,10,1.0
collective_constitutive,repair,2013,1,0.8651208667726905,0.864303881101815,0.0,9.558674999999997,10,1.0
collective_constitutive,repair,2014,0,0.6663367701139201,0.2344131285197682,9.861088416944776,21.553874999999987,6,1.0
collective_constitutive,repair,2015,1,0.8459510462582127,0.8443393952083779,0.0,9.933525,10,1.0
collective_constitutive,repair,2016,1,0.8537179696260974,0.7718784747640712,0.0,10.683225000000002,10,1.0
collective_constitutive,repair,2017,1,0.903436430817376,0.8178171947229862,0.0,6.185025000000003,6,1.0
collective_constitutive,repair,2018,1,0.8429331800739569,0.825422511715191,0.0,9.933525,10,0.0
collective_constitutive,repair,2019,1,0.858597005412825,0.7990288663600038,0.0,8.808975000000002,10,1.0
collective_constitutive,reconfigure,2000,1,0.7815173729599285,0.919447445312665,0.0,13.307174999999988,1,1.0
collective_constitutive,reconfigure,2001,1,0.8551356572443385,0.8792201381405197,0.0,9.183825,1,1.0
collective_constitutive,reconfigure,2002,1,0.8294750780622224,0.8645126935205716,0.0,11.058074999999995,1,0.0
collective_constitutive,reconfigure,2003,1,0.7988475323243643,0.8200753104253906,0.0,13.307174999999988,1,0.0
collective_constitutive,reconfigure,2004,1,0.7607525519839372,0.8914470517548773,0.0,13.682024999999998,1,1.0
collective_constitutive,reconfigure,2005,1,0.8429742593894362,0.911855959626724,0.0,10.120949999999999,1,1.0
collective_constitutive,reconfigure,2006,1,0.8278800002809446,0.82824163540135,0.0,11.245500000000003,1,1.0
collective_constitutive,reconfigure,2007,0,0.8563052386117064,0.5068633131225394,0.0,9.558675000000003,1,0.0
collective_constitutive,reconfigure,2008,1,0.8440147461749806,0.8195114167858294,0.0,9.371250000000002,1,0.0
collective_constitutive,reconfigure,2009,1,0.8477434581316869,0.8828531866049737,0.0,10.12095,1,0.0
collective_constitutive,reconfigure,2010,1,0.9096523875605318,0.8486562502006476,0.0,5.622750000000003,1,0.0
collective_constitutive,reconfigure,2011,1,0.8425887910270206,0.8251178362248333,0.0,10.495799999999997,1,1.0
collective_constitutive,reconfigure,2012,1,0.8107311175311918,0.8338140048348598,0.0,10.87065,1,1.0
collective_constitutive,reconfigure,2013,0,0.8589508089820076,0.5236563692652895,0.0,8.621550000000004,1,0.0
collective_constitutive,reconfigure,2014,1,0.8181939631298389,0.8918554052958158,0.0,11.245499999999996,1,1.0
collective_constitutive,reconfigure,2015,1,0.8475442060456285,0.8455893881792849,0.0,9.37125,1,1.0
collective_constitutive,reconfigure,2016,1,0.8529331850885256,0.8483632597959015,0.0,9.933525000000001,1,1.0
collective_constitutive,reconfigure,2017,1,0.8528577468502616,0.8462567675657978,0.0,10.120949999999999,1,1.0
collective_constitutive,reconfigure,2018,1,0.7576782820320043,0.8640712609789812,0.0,13.307174999999997,1,1.0
collective_constitutive,reconfigure,2019,1,0.8254014193931342,0.8238353467623496,0.0,10.683224999999998,1,0.0
