condition,task,seed,success,collision,viability,payload_rmse,formation_rmse,energy,final_gap,architecture_score,role_accuracy,blanket_accuracy,exact_partition,agreements,causal_changes
collective_diagnostic,assemble,2000,0,1,0.1140484714563144,0.819229093921647,0.19615740258107983,7.871850000000005,8.000970067356514,0.29976287091516346,0.8154761904761905,0.9087301587301587,1.0,10,0
collective_diagnostic,assemble,2001,0,0,0.22715887823152806,1.0574058714568282,0.21040544301117123,28.488599999999963,8.334226597749161,0.3123167845374115,0.5758928571428571,0.6852678571428571,1.0,10,0
collective_diagnostic,assemble,2002,0,0,0.4933237040667343,0.6793906175430346,0.16346748092951474,19.304774999999985,6.701075354253752,0.35687811841765693,0.7555803571428571,0.8058035714285714,1.0,10,0
collective_diagnostic,assemble,2003,0,0,0.1050387576844669,1.3749075240537714,0.357560837980951,24.927524999999978,7.495812723053831,0.33379289478707813,0.7109375,0.7790178571428571,1.0,10,0
collective_diagnostic,assemble,2004,0,1,0.10572094315015414,0.7974214215774759,0.16347222006744386,17.617950000000004,8.84017484181872,0.26348666648470437,0.5509259259259259,0.5802469135802469,0.0,10,0
collective_diagnostic,assemble,2005,0,0,0.282465743229108,0.9170284444860151,0.2526397856947888,32.61194999999995,10.817978463405295,0.20307233802726476,0.8035714285714286,0.8772321428571429,1.0,10,0
collective_diagnostic,assemble,2006,0,1,0.04953972371602024,1.192245153782099,0.21934841730711008,14.431725000000009,10.208604778208834,0.22493437763730761,0.43037974683544306,0.5221518987341772,0.0,10,0
collective_diagnostic,assemble,2007,0,0,0.6374393416874586,0.5110891627640407,0.15103062256355052,14.806574999999997,6.511824581123516,0.34707756994564415,0.7232142857142857,0.7723214285714286,1.0,10,0
collective_diagnostic,assemble,2008,0,1,0.04989045082209908,1.1334422422804975,0.3634401824850856,21.74129999999999,8.294047647308474,0.29622444288694155,0.9210526315789473,0.95,1.0,10,0
collective_diagnostic,assemble,2009,0,1,0.05295336262444874,1.1640054522680379,0.17299450434160413,15.18142500000001,10.196794528423155,0.21389971717656486,0.6266666666666667,0.6933333333333334,0.0,6,0
collective_diagnostic,assemble,2010,0,0,0.2481730195922406,1.0185215233700056,0.2263860545812264,27.55147499999996,7.839028178143494,0.3322230042700585,0.7332589285714286,0.7723214285714286,1.0,10,0
collective_diagnostic,assemble,2011,0,0,0.08243404952531995,1.4066458479342758,0.40749935831648937,36.17302499999997,8.704712761174454,0.2865904161220643,0.1796875,0.33482142857142855,0.0,10,0
collective_diagnostic,assemble,2012,0,0,0.7569260159426708,0.3936955546454091,0.13258562370232335,9.558675000000003,7.530557597090971,0.3267774796811079,0.7455357142857143,0.8325892857142857,1.0,10,0
collective_diagnostic,assemble,2013,0,1,0.055642861039164736,1.0937185317426346,0.32981117296415263,20.991599999999995,8.065365547872371,0.31284575406724363,0.7994791666666666,0.8671875,0.0,10,0
collective_diagnostic,assemble,2014,0,0,0.1765630370195176,1.1469524136710492,0.2774151289806899,31.674824999999945,7.158028273461328,0.3310327597751556,0.5089285714285714,0.6071428571428571,1.0,9,0
collective_diagnostic,assemble,2015,0,1,0.10968993119414974,0.8293016191051914,0.14221507841445238,10.495800000000003,8.984919754846617,0.25580160629310617,0.6535714285714286,0.6928571428571428,1.0,10,0
collective_diagnostic,assemble,2016,0,0,0.6928140283748185,0.4146252956949119,0.12964750132497563,15.556275,8.230560569766485,0.2762287951883669,0.8013392857142857,0.8392857142857143,1.0,10,0
collective_diagnostic,assemble,2017,0,0,0.3465918209869028,0.8323264946964749,0.24279664763090364,28.113749999999964,9.258107679212399,0.26917031838400424,0.6350446428571429,0.7098214285714286,0.0,10,0
collective_diagnostic,assemble,2018,0,1,0.03921422101793963,1.2034850742192058,0.32614577083468477,29.238299999999956,11.21474012510229,0.21137905103652166,0.6311881188118812,0.7400990099009901,0.0,10,0
collective_diagnostic,assemble,2019,0,0,0.1595327502156202,1.1727511297959379,0.3829246267649993,32.23709999999995,7.724681449643453,0.32189813661568784,0.8426339285714286,0.8571428571428571,1.0,8,0
collective_diagnostic,repair,2000,0,1,0.07751192938969369,0.9401768665593004,0.24778670394663513,21.366449999999986,7.876956472527303,0.31631376753244966,0.629950495049505,0.6806930693069307,0.0,10,0
collective_diagnostic,repair,2001,0,0,0.42371565928942384,0.7930780650613916,0.16617007140177123,17.992800000000003,8.195932772439583,0.2969630032197909,0.75,0.8236607142857143,1.0,10,0
collective_diagnostic,repair,2002,0,1,0.123531238486849,0.7486809765410749,0.15327586849276548,11.058075000000008,10.764392503298547,0.2088342345237212,0.4661764705882353,0.6088235294117647,1.0,3,0
collective_diagnostic,repair,2003,0,0,0.22900960862250402,1.1172185503279097,0.19440590557450224,17.243100000000005,9.996343395038078,0.22277871918898387,0.8292410714285714,0.8459821428571429,1.0,10,0
collective_diagnostic,repair,2004,0,0,0.5952256656589876,0.43237249820732854,0.2810184980390008,24.36524999999998,8.303294594869937,0.2673152385465879,0.8359375,0.8616071428571429,1.0,5,0
collective_diagnostic,repair,2005,0,0,0.5799316308744012,0.600368346045985,0.1773155901694552,14.05687500000001,7.287198964520324,0.30694697413157795,0.5825892857142857,0.6763392857142857,0.0,10,0
collective_diagnostic,repair,2006,0,0,0.4461788285585281,0.7764031265629653,0.19903482858586505,15.368850000000007,9.196930939860076,0.2686925394670752,0.7522321428571429,0.8169642857142857,1.0,10,0
collective_diagnostic,repair,2007,0,0,0.6128090185193112,0.4761881186238722,0.14864467323536226,20.99159999999999,7.841664381993707,0.3162995209918552,0.6774553571428571,0.765625,1.0,10,0
collective_diagnostic,repair,2008,0,1,0.1280317353573578,0.7244383186376018,0.1528069022195927,11.058075000000004,7.394723207207024,0.3135457118679127,0.7329545454545454,0.7681818181818182,1.0,6,0
collective_diagnostic,repair,2009,0,0,0.5560362381734868,0.5882645946778708,0.13571497288741555,19.304774999999996,10.534997589625291,0.20912178390198088,0.828125,0.8683035714285714,1.0,10,0
collective_diagnostic,repair,2010,0,1,0.07166544093349125,0.989929486188596,0.17517759090105273,21.179024999999992,6.170189938900152,0.38598745955967245,0.8992718446601942,0.912621359223301,1.0,10,0
collective_diagnostic,repair,2011,0,0,0.5049012503577385,0.6386422057250707,0.171072766626643,21.741299999999978,8.794105767870848,0.26300231400256874,0.7611607142857143,0.8482142857142857,1.0,10,0
collective_diagnostic,repair,2012,0,0,0.3790200671846882,0.8756566366611883,0.12425684895209291,16.305975000000004,7.602167261215951,0.3194390080144016,0.8013392857142857,0.8370535714285714,1.0,10,0
collective_diagnostic,repair,2013,0,1,0.1204854927655334,0.7191608675758369,0.12705204220379962,17.055675,10.136344882801048,0.24344263044828007,0.88510101010101,0.9040404040404041,1.0,10,0
collective_diagnostic,repair,2014,0,0,0.6663367701139201,0.35224312679692815,0.21558457754540827,21.553874999999987,9.861088416944776,0.2344131285197682,0.7857142857142857,0.8080357142857143,1.0,6,0
collective_diagnostic,repair,2015,0,0,0.6615889769773458,0.5367373641432652,0.1436641813590441,9.558675,10.64595578070859,0.22314238561032254,0.7276785714285714,0.7924107142857143,1.0,10,0
collective_diagnostic,repair,2016,0,1,0.08755709567452583,0.8518110001658187,0.2672191434029961,23.99039999999998,11.112150325358169,0.19244460206977074,0.7013888888888888,0.7361111111111112,1.0,10,0
collective_diagnostic,repair,2017,0,0,0.8565128807574863,0.2430707038640491,0.14378286006723737,7.122150000000004,10.279419264459056,0.2262660287188003,0.8292410714285714,0.8683035714285714,1.0,10,0
collective_diagnostic,repair,2018,0,1,0.10093369255840313,0.8592595741405662,0.212031177840016,12.182625000000009,10.943129981869802,0.21018837299798832,0.5881410256410257,0.7660256410256411,1.0,10,0
collective_diagnostic,repair,2019,0,0,0.8025579207690432,0.2451729486543535,0.09647358620345474,12.932325000000008,6.8532467526373555,0.3392513334007145,0.7220982142857143,0.8928571428571429,1.0,10,0
collective_diagnostic,reconfigure,2000,0,0,0.8400178364961829,0.17774025160880697,0.18325368429706967,10.495799999999997,0.0,0.5694474453126651,0.7366071428571429,0.8616071428571429,1.0,1,0
collective_diagnostic,reconfigure,2001,0,0,0.881629237899874,0.1290281036665885,0.15889697927054725,8.059275000000005,0.0,0.5292201381405198,0.6897321428571429,0.7232142857142857,1.0,1,0
collective_diagnostic,reconfigure,2002,0,0,0.8559494863529443,0.16202442052787935,0.17080926792278053,9.558675000000003,0.0,0.5145126935205714,0.7332589285714286,0.8102678571428571,0.0,1,0
collective_diagnostic,reconfigure,2003,0,0,0.825288486554776,0.19517125696494383,0.15644266396198736,11.807774999999992,0.0,0.4700753104253901,0.7020089285714286,0.7388392857142857,1.0,1,0
collective_diagnostic,reconfigure,2004,0,0,0.8099685914958219,0.20718921685763309,0.19693570735883942,12.370049999999996,0.0,0.5546250453770335,0.6540178571428571,0.7209821428571429,1.0,1,0
collective_diagnostic,reconfigure,2005,0,0,0.8662203955630084,0.16906754313505634,0.1365603918896729,8.808975000000002,0.0,0.5618559596267242,0.8180803571428571,0.8482142857142857,1.0,1,0
collective_diagnostic,reconfigure,2006,0,0,0.8670913798863444,0.16424859050003132,0.15604300997814927,8.621550000000004,0.0,0.47824163540135006,0.7287946428571429,0.7767857142857143,1.0,1,0
collective_diagnostic,reconfigure,2007,0,0,0.8560119942225711,0.16403963626304113,0.1794819697406643,9.371250000000003,0.0,0.5068633131225394,0.8147321428571429,0.8616071428571429,1.0,1,0
collective_diagnostic,reconfigure,2008,0,0,0.8900167008086535,0.13245670568466172,0.16434398435984637,7.122150000000005,0.0,0.595,0.5669642857142857,0.7075892857142857,0.0,1,0
collective_diagnostic,reconfigure,2009,0,0,0.8576855298089519,0.17064114289032303,0.1392498646650478,9.558675000000003,0.0,0.595,0.7723214285714286,0.8013392857142857,1.0,1,0
collective_diagnostic,reconfigure,2010,0,0,0.9169222184539579,0.1301568023028847,0.13465614645412355,5.060475000000003,0.0,0.595,0.7823660714285714,0.8392857142857143,0.0,1,0
collective_diagnostic,reconfigure,2011,0,0,0.854253502426343,0.17485300945289806,0.14142498420599778,9.746100000000002,0.0,0.4751178362248332,0.7020089285714286,0.7477678571428571,1.0,1,0
collective_diagnostic,reconfigure,2012,0,0,0.826519202032263,0.22708360404716016,0.1747264479979775,10.308374999999998,0.0,0.48381400483485953,0.8359375,0.8928571428571429,0.0,1,0
collective_diagnostic,reconfigure,2013,0,0,0.8560069772329701,0.18862702805282558,0.1684570935786106,8.808975000000006,0.0,0.5236563692652895,0.5022321428571429,0.6227678571428571,0.0,1,0
collective_diagnostic,reconfigure,2014,0,0,0.8526811930432354,0.18578859665797498,0.14246435765623808,9.558675,0.0,0.595,0.6328125,0.6517857142857143,0.0,1,0
collective_diagnostic,reconfigure,2015,0,0,0.8655852000120048,0.19648152653583198,0.1344111507212126,8.059275000000005,0.0,0.49558938817928505,0.7276785714285714,0.8058035714285714,1.0,1,0
collective_diagnostic,reconfigure,2016,0,0,0.8703977551594716,0.13815514154277414,0.16739437768193577,8.808975000000002,0.0,0.4983632597959017,0.6383928571428571,0.6919642857142857,1.0,1,0
collective_diagnostic,reconfigure,2017,0,0,0.8636199569754976,0.1611672306034129,0.1280046509953167,9.371250000000002,0.0,0.595,0.4263392857142857,0.5513392857142857,0.0,1,0
collective_diagnostic,reconfigure,2018,0,0,0.7722511901011767,0.2807989830439407,0.19955569259403397,13.307174999999997,0.0,0.514071260978981,0.7354910714285714,0.8125,1.0,1,0
collective_diagnostic,reconfigure,2019,0,0,0.8342298572406763,0.19634485110006725,0.17027216942645979,10.683225,0.0,0.47383534676234973,0.5993303571428571,0.7767857142857143,0.0,1,0
communication_only,assemble,2000,0,1,0.03702194731381713,1.2712336265277098,0.22922555361778962,22.303574999999984,8.000970067356514,0.29976287091516346,0.8941326530612245,0.9413265306122449,1.0,0,0
communication_only,assemble,2001,0,0,0.26078750234900333,0.9828811555352267,0.1904626189704231,29.987999999999957,8.334226597749161,0.3123167845374115,0.6584821428571429,0.7879464285714286,1.0,0,0
communication_only,assemble,2002,0,0,0.6324542650703026,0.4586429311444112,0.13703598721016974,19.867049999999992,6.701075354253752,0.35687811841765693,0.6796875,0.7857142857142857,1.0,0,0
communication_only,assemble,2003,0,0,0.12707148827953121,1.2922843262276686,0.34681369995922817,27.738899999999965,7.495812723053831,0.33379289478707813,0.8113839285714286,0.8638392857142857,1.0,0,0
communication_only,assemble,2004,0,1,0.1027195500490914,0.791634960316708,0.14746760930970776,20.99159999999999,8.84017484181872,0.26348666648470437,0.8194444444444444,0.8364197530864198,1.0,0,0
communication_only,assemble,2005,0,0,0.3310195816810548,0.8229995839053853,0.2057295850829724,33.92392499999996,10.817978463405295,0.20307233802726476,0.8526785714285714,0.9129464285714286,1.0,0,0
communication_only,assemble,2006,0,1,0.05397178499162812,1.140545547570206,0.22466936560892944,17.2431,10.208604778208834,0.22493437763730761,0.49050632911392406,0.6550632911392406,0.0,0,0
communication_only,assemble,2007,0,0,0.6791763562128965,0.38766410083604774,0.1373455550314092,18.92992499999999,6.511824581123516,0.34707756994564415,0.8638392857142857,0.9419642857142857,1.0,0,0
communication_only,assemble,2008,0,1,0.0507843870784597,1.1145830359552324,0.35055016032729774,24.177824999999977,8.294047647308474,0.29622444288694155,0.8157894736842105,0.8657894736842106,1.0,0,0
communication_only,assemble,2009,0,1,0.06826085774440188,1.03211962271716,0.1577446862650369,18.36765,10.196794528423155,0.21389971717656486,0.6151315789473685,0.6743421052631579,0.0,0,0
communication_only,assemble,2010,0,0,0.22211022540556563,1.0522589754272138,0.21900665801553715,31.112549999999946,7.839028178143494,0.3322230042700585,0.6774553571428571,0.7276785714285714,1.0,0,0
communication_only,assemble,2011,0,0,0.10665854278236288,1.3150956344955795,0.39196685651447616,35.98559999999997,8.704712761174454,0.2865904161220643,0.42075892857142855,0.5446428571428571,0.0,0,0
communication_only,assemble,2012,0,0,0.7729467078186271,0.13664497919642676,0.13758724106268733,19.117349999999984,7.530557597090971,0.3267774796811079,0.5915178571428571,0.7209821428571429,1.0,0,0
communication_only,assemble,2013,0,1,0.056456757123655325,1.062362320351559,0.32709213897114087,25.489799999999974,8.065365547872371,0.31284575406724363,0.6145833333333334,0.6796875,0.0,0,0
communication_only,assemble,2014,0,0,0.204780699241695,1.073807535083731,0.27170355109623595,32.98679999999994,7.158028273461328,0.3310327597751556,0.5926339285714286,0.640625,0.0,0,0
communication_only,assemble,2015,0,1,0.10247583939893902,0.8467668279512438,0.11079078780271429,14.056874999999998,8.984919754846617,0.25580160629310617,0.8838028169014085,0.9225352112676056,1.0,0,0
communication_only,assemble,2016,0,0,0.3031197760126758,0.9198426386243129,0.14249050059685106,28.113749999999953,8.230560569766485,0.2762287951883669,0.8303571428571429,0.8973214285714286,1.0,0,0
communication_only,assemble,2017,0,0,0.3340140543190176,0.8246493245446014,0.23422809233481803,32.424524999999946,9.258107679212399,0.26917031838400424,0.5055803571428571,0.5625,0.0,0,0
communication_only,assemble,2018,0,1,0.03501017634906478,1.2349205274646873,0.34189599778050167,31.86224999999995,11.21474012510229,0.21137905103652166,0.6460396039603961,0.7574257425742574,0.0,0,0
communication_only,assemble,2019,0,0,0.15672146048296487,1.1631165135189532,0.38240335330523556,35.61074999999997,7.724681449643453,0.32189813661568784,0.9252232142857143,0.9375,1.0,0,0
communication_only,repair,2000,0,1,0.07659928083085162,0.9303838129273693,0.2329175409181735,24.177824999999974,7.876956472527303,0.31631376753244966,0.7376237623762376,0.7821782178217822,0.0,0,0
communication_only,repair,2001,0,0,0.4327451117528979,0.7405654766777565,0.1433928556013288,23.240699999999975,8.195932772439583,0.2969630032197909,0.7901785714285714,0.9017857142857143,1.0,0,0
communication_only,repair,2002,0,0,0.2992480807145278,0.9482750572548452,0.1274869719250884,24.927524999999967,10.764392503298547,0.2088342345237212,0.8482142857142857,0.8727678571428571,1.0,0,0
communication_only,repair,2003,0,0,0.20586645340700105,1.138530591502395,0.18238858004278433,22.303574999999984,9.996343395038078,0.22277871918898387,0.8962053571428571,0.9084821428571429,1.0,0,0
communication_only,repair,2004,0,0,0.5897334280750269,0.4054705905156877,0.2740757604429666,27.176624999999966,8.303294594869937,0.2673152385465879,0.8738839285714286,0.8995535714285714,1.0,0,0
communication_only,repair,2005,0,0,0.572909554316489,0.551276813647913,0.15790880488797196,20.05447499999999,7.287198964520324,0.30694697413157795,0.7008928571428571,0.7678571428571429,0.0,0,0
communication_only,repair,2006,0,0,0.4977575027890661,0.6536875054485867,0.19201931133804198,20.991599999999973,9.196930939860076,0.2686925394670752,0.890625,0.96875,1.0,0,0
communication_only,repair,2007,0,0,0.5865438601238797,0.45234245647695387,0.15343423955026467,26.426924999999958,7.841664381993707,0.3162995209918552,0.6618303571428571,0.7433035714285714,1.0,0,0
communication_only,repair,2008,0,0,0.5220341093511583,0.6730490491948724,0.10820191336183682,15.93112499999999,7.394723207207024,0.3135457118679127,0.5948660714285714,0.8526785714285714,1.0,0,0
communication_only,repair,2009,0,0,0.41094771283224807,0.7449696696956014,0.17284260585202685,26.61434999999996,10.534997589625291,0.20912178390198088,0.65625,0.7522321428571429,1.0,0,0
communication_only,repair,2010,0,1,0.08667388068488828,0.876932541034882,0.1353525676246428,23.428124999999973,6.170189938900152,0.38598745955967245,0.8607142857142858,0.8809523809523809,1.0,0,0
communication_only,repair,2011,0,0,0.4739499231874199,0.6344697855614132,0.177387154899712,27.36404999999995,8.794105767870848,0.26300231400256874,0.8035714285714286,0.8482142857142857,1.0,0,0
communication_only,repair,2012,0,0,0.4038519658895162,0.7940204674654651,0.11266220733740098,22.490999999999982,7.602167261215951,0.3194390080144016,0.6852678571428571,0.7477678571428571,1.0,0,0
communication_only,repair,2013,0,0,0.7739726325391388,0.1189072997689826,0.10885144515117558,19.679624999999998,10.136344882801048,0.24344263044828007,0.8448660714285714,0.8705357142857143,1.0,0,0
communication_only,repair,2014,0,0,0.7379050508444552,0.1298319500248399,0.10905305868082175,23.428124999999998,9.861088416944776,0.2344131285197682,0.4720982142857143,0.4888392857142857,0.0,0,0
communication_only,repair,2015,0,0,0.7325256534468437,0.21259977971486374,0.12175180162050117,21.553874999999987,10.64595578070859,0.22314238561032254,0.6350446428571429,0.71875,0.0,0,0
communication_only,repair,2016,0,1,0.09569302285071668,0.7855360196976853,0.238221284900204,26.239499999999964,11.112150325358169,0.19244460206977074,0.6782407407407407,0.7268518518518519,1.0,0,0
communication_only,repair,2017,0,1,0.1100039331831714,0.7516197923934171,0.13123630733067698,20.61674999999997,10.279419264459056,0.2262660287188003,0.6932870370370371,0.7847222222222222,1.0,0,0
communication_only,repair,2018,0,1,0.09994691341761872,0.8396019287864754,0.2143172407210798,15.743700000000006,10.943129981869802,0.21018837299798832,0.8157051282051282,0.875,1.0,0,0
communication_only,repair,2019,0,0,0.7368901489156864,0.22952743916135362,0.10229960165042283,20.616749999999985,6.8532467526373555,0.3392513334007145,0.7087053571428571,0.8080357142857143,1.0,0,0
communication_only,reconfigure,2000,0,0,0.7631147154695477,0.10721042108136393,0.17860591637300147,20.241900000000005,0.0,0.5694474453126651,0.7700892857142857,0.8392857142857143,1.0,0,0
communication_only,reconfigure,2001,0,0,0.8023385086590706,0.08913621709979677,0.14043086801303223,16.868249999999996,0.0,0.5292201381405198,0.8147321428571429,0.8392857142857143,1.0,0,0
communication_only,reconfigure,2002,0,0,0.8015603959484092,0.09700274481516287,0.1665210114212306,16.49339999999999,0.0,0.5145126935205714,0.5078125,0.6205357142857143,0.0,0,0
communication_only,reconfigure,2003,0,0,0.7855572306757702,0.10716644600824154,0.1530661156363726,18.180224999999997,0.0,0.4700753104253901,0.5948660714285714,0.6986607142857143,1.0,0,0
communication_only,reconfigure,2004,0,0,0.7744316439014969,0.13463852397423806,0.1848596724034222,18.36764999999998,0.0,0.5546250453770335,0.5848214285714286,0.6674107142857143,0.0,0,0
communication_only,reconfigure,2005,0,0,0.7673435892244272,0.09680184753010665,0.14351386793984372,20.429324999999984,0.0,0.5618559596267242,0.7008928571428571,0.7232142857142857,0.0,0,0
communication_only,reconfigure,2006,0,0,0.7961386849058002,0.1047751690036721,0.12520179715340132,17.430524999999992,0.0,0.47824163540135006,0.7578125,0.7946428571428571,1.0,0,0
communication_only,reconfigure,2007,0,0,0.7696958624127812,0.100229158525144,0.1631523326338515,19.86704999999999,0.0,0.5068633131225394,0.7924107142857143,0.8169642857142857,0.0,0,0
communication_only,reconfigure,2008,0,0,0.8079363336985739,0.09922442990578989,0.15654412159454348,15.931124999999994,0.0,0.595,0.8493303571428571,0.8772321428571429,1.0,0,0
communication_only,reconfigure,2009,0,0,0.8028942321975983,0.09226939315533621,0.1311460911815043,16.86825,0.0,0.595,0.7946428571428571,0.8504464285714286,1.0,0,0
communication_only,reconfigure,2010,0,0,0.8269654887324767,0.07864447478909768,0.12944158596442754,14.619149999999994,0.0,0.595,0.6529017857142857,0.7388392857142857,0.0,0,0
communication_only,reconfigure,2011,0,0,0.7777812386208884,0.0961347673688201,0.14429681312018336,19.304775000000003,0.0,0.4751178362248332,0.7868303571428571,0.8236607142857143,1.0,0,0
communication_only,reconfigure,2012,0,0,0.7829159553251042,0.1425744858759288,0.19866726695204398,17.055675000000004,0.0,0.48381400483485953,0.8169642857142857,0.8660714285714286,1.0,0,0
communication_only,reconfigure,2013,0,0,0.7831316462579501,0.12130735787642939,0.15215972825357854,18.18022499999999,0.0,0.5236563692652895,0.3950892857142857,0.5714285714285714,0.0,0,0
communication_only,reconfigure,2014,0,0,0.7755300740885852,0.1015508325324425,0.14134741082433994,19.492199999999997,0.0,0.595,0.6484375,0.7433035714285714,0.0,0,0
communication_only,reconfigure,2015,0,0,0.7879466056661876,0.12465864020116425,0.16503862669138344,17.43052499999999,0.0,0.49558938817928505,0.7254464285714286,0.8191964285714286,1.0,0,0
communication_only,reconfigure,2016,0,0,0.8147763216858527,0.08242330939244102,0.13508259249875187,15.743699999999986,0.0,0.4983632597959017,0.796875,0.8303571428571429,1.0,0,0
communication_only,reconfigure,2017,0,0,0.779976533804876,0.09506108704501473,0.1248802173798733,19.30477499999999,0.0,0.595,0.5669642857142857,0.6495535714285714,1.0,0,0
communication_only,reconfigure,2018,0,0,0.7334989838442144,0.19140283219426912,0.26415685711410336,19.86704999999999,0.0,0.514071260978981,0.8002232142857143,0.8526785714285714,1.0,0,0
communication_only,reconfigure,2019,0,0,0.7899068100133848,0.12242626182824537,0.17991116086708128,17.055674999999994,0.0,0.47383534676234973,0.6930803571428571,0.7589285714285714,0.0,0,0
random_joint,assemble,2000,0,1,0.1140484714563144,0.819229093921647,0.19615740258107983,7.871850000000005,8.000970067356514,0.29976287091516346,0.8154761904761905,0.9087301587301587,1.0,10,0
random_joint,assemble,2001,1,0,0.9025510592891378,0.09914317603483146,0.12029002977410891,7.122150000000004,0.0,0.8851847076851446,0.7299107142857143,0.7745535714285714,1.0,10,1
random_joint,assemble,2002,1,0,0.8966875013676605,0.13579224453175967,0.12158639663480932,6.934725000000004,0.0,0.82470746681609,0.75,0.8080357142857143,1.0,10,1
random_joint,assemble,2003,0,0,0.1050387576844669,1.3749075240537714,0.357560837980951,24.927524999999978,7.495812723053831,0.33379289478707813,0.7109375,0.7790178571428571,1.0,10,0
random_joint,assemble,2004,1,0,0.8502003684040029,0.17496919332110472,0.12624191959555628,10.308374999999998,0.0,0.7955427772331558,0.8604910714285714,0.8727678571428571,1.0,10,1
random_joint,assemble,2005,1,0,0.8545471447963738,0.14135119823701228,0.15002562666508637,10.495799999999997,0.0,0.7850987989936816,0.8950892857142857,0.9486607142857143,1.0,10,1
random_joint,assemble,2006,0,1,0.04953972371602024,1.192245153782099,0.21934841730711008,14.431725000000009,10.208604778208834,0.22493437763730761,0.43037974683544306,0.5221518987341772,0.0,10,0
random_joint,assemble,2007,0,0,0.6374393416874586,0.5110891627640407,0.15103062256355052,14.806574999999997,6.511824581123516,0.34707756994564415,0.7232142857142857,0.7723214285714286,1.0,10,0
random_joint,assemble,2008,0,1,0.04989045082209908,1.1334422422804975,0.3634401824850856,21.74129999999999,8.294047647308474,0.29622444288694155,0.9210526315789473,0.95,1.0,10,0
random_joint,assemble,2009,0,1,0.05295336262444874,1.1640054522680379,0.17299450434160413,15.18142500000001,10.196794528423155,0.21389971717656486,0.6266666666666667,0.6933333333333334,0.0,10,0
random_joint,assemble,2010,1,0,0.8976654137965648,0.15410711370863425,0.12441437248468364,6.372450000000003,0.0,0.8850861326530242,0.7555803571428571,0.7901785714285714,1.0,10,1
random_joint,assemble,2011,1,0,0.8364248229279438,0.16894155884694417,0.12949195546455256,11.807774999999992,0.0,0.8507711470932692,0.6116071428571429,0.703125,1.0,10,1
random_joint,assemble,2012,1,0,0.9075162705612665,0.14208899323186708,0.11943535500911695,5.810175000000003,0.0,0.8376489918751326,0.734375,0.8102678571428571,1.0,10,1
random_joint,assemble,2013,0,1,0.055642861039164736,1.0937185317426346,0.32981117296415263,20.991599999999995,8.065365547872371,0.31284575406724363,0.7994791666666666,0.8671875,0.0,10,0
random_joint,assemble,2014,1,0,0.881569874262044,0.16311718491645402,0.13769384020440834,7.497000000000004,0.0,0.8099486712186188,0.5837053571428571,0.6919642857142857,1.0,10,1
random_joint,assemble,2015,1,0,0.8491173461697638,0.1955125029884829,0.11072891647199146,9.933525000000001,0.0,0.7864405550143867,0.9084821428571429,0.9330357142857143,1.0,10,1
random_joint,assemble,2016,1,0,0.8701978502594153,0.1573075352512596,0.11253638034044083,8.9964,0.0,0.7728226269176959,0.8549107142857143,0.8883928571428571,1.0,10,1
random_joint,assemble,2017,1,0,0.8563408898136262,0.17274279547468116,0.1287903176735037,9.746100000000002,0.0,0.8562888775553963,0.8582589285714286,0.9129464285714286,1.0,10,1
random_joint,assemble,2018,1,0,0.8245829821096846,0.2088383864379579,0.14014153577229377,11.620349999999998,0.0,0.8587651521764994,0.8214285714285714,0.8571428571428571,1.0,10,1
random_joint,assemble,2019,1,0,0.8774167701071425,0.16998299750407522,0.15436941135363924,7.497000000000003,0.0,0.8454088282668127,0.6908482142857143,0.7321428571428571,1.0,10,1
random_joint,repair,2000,0,1,0.07751192938969369,0.9401768665593004,0.24778670394663513,21.366449999999986,7.876956472527303,0.31631376753244966,0.629950495049505,0.6806930693069307,0.0,10,0
random_joint,repair,2001,1,0,0.8723610379247192,0.1528383141628449,0.12234914113499243,8.808975000000004,0.0,0.8272435578265633,0.7522321428571429,0.8258928571428571,1.0,10,1
random_joint,repair,2002,1,0,0.8949932766746235,0.1401694821775007,0.1436940436968883,6.747300000000004,0.0,0.8019849675022164,0.5647321428571429,0.6852678571428571,1.0,10,1
random_joint,repair,2003,1,0,0.8549580978363868,0.17614789306711554,0.1320722483554948,9.7461,0.0,0.7772188046265343,0.8292410714285714,0.8459821428571429,1.0,10,1
random_joint,repair,2004,1,0,0.8273263583250283,0.15978459155551933,0.13294372443823477,12.932324999999992,0.0,0.7547151965965779,0.8359375,0.8616071428571429,1.0,10,1
random_joint,repair,2005,0,0,0.5799316308744012,0.600368346045985,0.1773155901694552,14.05687500000001,7.287198964520324,0.30694697413157795,0.5825892857142857,0.6763392857142857,0.0,10,0
random_joint,repair,2006,1,0,0.8739954482116572,0.14941388388655652,0.13339417257071945,8.621550000000001,0.0,0.8482573914842193,0.7477678571428571,0.8169642857142857,1.0,10,1
random_joint,repair,2007,0,0,0.6128090185193112,0.4761881186238722,0.14864467323536226,20.99159999999999,7.841664381993707,0.3162995209918552,0.6774553571428571,0.765625,1.0,10,0
random_joint,repair,2008,0,1,0.1280317353573578,0.7244383186376018,0.1528069022195927,11.058075000000004,7.394723207207024,0.3135457118679127,0.7329545454545454,0.7681818181818182,1.0,10,0
random_joint,repair,2009,0,0,0.5560362381734868,0.5882645946778708,0.13571497288741555,19.304774999999996,10.534997589625291,0.20912178390198088,0.828125,0.8683035714285714,1.0,10,0
random_joint,repair,2010,0,1,0.07166544093349125,0.989929486188596,0.17517759090105273,21.179024999999992,6.170189938900152,0.38598745955967245,0.8992718446601942,0.912621359223301,1.0,10,0
random_joint,repair,2011,1,0,0.8418248353020481,0.18165323330194003,0.11391684068592343,11.058074999999993,0.0,0.7895206993160839,0.7611607142857143,0.8482142857142857,1.0,10,1
random_joint,repair,2012,1,0,0.9078877331446847,0.13596989670852022,0.1111353870317588,5.997600000000002,0.0,0.826200322259412,0.8013392857142857,0.8370535714285714,1.0,10,1
random_joint,repair,2013,0,1,0.1204854927655334,0.7191608675758369,0.12705204220379962,17.055675,10.136344882801048,0.24344263044828007,0.88510101010101,0.9040404040404041,1.0,10,0
random_joint,repair,2014,0,0,0.6663367701139201,0.35224312679692815,0.21558457754540827,21.553874999999987,9.861088416944776,0.2344131285197682,0.7857142857142857,0.8080357142857143,1.0,10,0
random_joint,repair,2015,1,0,0.851825092137157,0.19297633218694157,0.1298468279350047,9.558675000000001,0.0,0.8443393952083779,0.6863839285714286,0.7589285714285714,1.0,10,1
random_joint,repair,2016,1,0,0.8614788992766723,0.13786109350525233,0.14762611703956952,9.933525000000005,0.0,0.7718784747640712,0.7299107142857143,0.7633928571428571,1.0,10,1
random_joint,repair,2017,0,0,0.8565128807574863,0.2430707038640491,0.14378286006723737,7.122150000000004,10.279419264459056,0.2262660287188003,0.8292410714285714,0.8683035714285714,1.0,10,0
random_joint,repair,2018,0,1,0.10093369255840313,0.8592595741405662,0.212031177840016,12.182625000000009,10.943129981869802,0.21018837299798832,0.5881410256410257,0.7660256410256411,1.0,10,0
random_joint,repair,2019,0,0,0.8025579207690432,0.2451729486543535,0.09647358620345474,12.932325000000008,6.8532467526373555,0.3392513334007145,0.7220982142857143,0.8928571428571429,1.0,10,0
random_joint,reconfigure,2000,0,0,0.8400178364961829,0.17774025160880697,0.18325368429706967,10.495799999999997,0.0,0.5694474453126651,0.7366071428571429,0.8616071428571429,1.0,1,0
random_joint,reconfigure,2001,0,0,0.8089212902865076,0.18129257806750707,0.23873399588089045,12.557474999999995,0.0,0.5076986741301781,0.5357142857142857,0.6116071428571429,0.0,1,1
random_joint,reconfigure,2002,0,0,0.8559557782317118,0.16193189143459605,0.17094167224842255,9.558675000000003,0.0,0.5145126935205714,0.6294642857142857,0.7924107142857143,0.0,1,1
random_joint,reconfigure,2003,0,0,0.7789803029798597,0.22229893408743606,0.17847410087319973,15.368849999999988,0.0,0.4700753104253901,0.6495535714285714,0.7008928571428571,1.0,1,1
random_joint,reconfigure,2004,0,0,0.6749815611408455,0.38311033261233396,0.28854212294485737,17.055674999999994,0.0,0.4964470517548775,0.5200892857142857,0.6540178571428571,0.0,1,1
random_joint,reconfigure,2005,0,0,0.8662203955630084,0.16906754313505634,0.1365603918896729,8.808975000000002,0.0,0.5618559596267242,0.8180803571428571,0.8482142857142857,1.0,1,0
random_joint,reconfigure,2006,0,0,0.8346546631247832,0.23074700275990503,0.15993084437508992,9.558675000000006,0.0,0.47824163540135006,0.6261160714285714,0.6741071428571429,1.0,1,1
random_joint,reconfigure,2007,0,0,0.8155408439420815,0.1945100261011567,0.24031031347713053,11.432925,0.0,0.7865742652752451,0.6819196428571429,0.7388392857142857,0.0,1,1
random_joint,reconfigure,2008,0,0,0.831590478853679,0.18047663916127565,0.23724609573509353,10.308375,0.0,0.545416370450556,0.4810267857142857,0.6205357142857143,0.0,1,1
random_joint,reconfigure,2009,0,0,0.7947362150733005,0.20743991580009338,0.21227060870190428,13.682025,0.0,0.5684270777040286,0.6808035714285714,0.7834821428571429,1.0,1,1
random_joint,reconfigure,2010,0,0,0.9169222184539579,0.1301568023028847,0.13465614645412355,5.060475000000003,0.0,0.595,0.7823660714285714,0.8392857142857143,0.0,1,0
random_joint,reconfigure,2011,0,0,0.8543769225693457,0.16984813994702516,0.1914603384460757,9.183825000000002,0.0,0.14999999999999997,0.5926339285714286,0.6383928571428571,0.0,1,1
random_joint,reconfigure,2012,0,0,0.7981490994192638,0.24422152411462053,0.2091569017107152,11.995199999999997,0.0,0.4562865063561168,0.7611607142857143,0.8125,1.0,1,1
random_joint,reconfigure,2013,0,0,0.7300826783838145,0.3109938688284797,0.29137778482233206,14.619150000000003,0.0,0.595,0.6082589285714286,0.7433035714285714,1.0,1,1
random_joint,reconfigure,2014,0,0,0.8170669580701365,0.21640495712484,0.15007148956375915,11.995199999999997,0.0,0.5111504705582596,0.5658482142857143,0.5848214285714286,0.0,1,1
random_joint,reconfigure,2015,0,0,0.7997693369263921,0.21205015096992103,0.25406753119832376,12.182624999999996,0.0,0.49558938817928505,0.609375,0.6875,0.0,1,1
random_joint,reconfigure,2016,0,0,0.8357127689983149,0.16130559583415213,0.21449012769633657,10.870649999999998,0.0,0.595,0.5357142857142857,0.6517857142857143,1.0,1,1
random_joint,reconfigure,2017,0,0,0.8082339850675587,0.1673378914187874,0.21431988707857144,13.494599999999995,0.0,0.595,0.40401785714285715,0.5625,0.0,1,1
random_joint,reconfigure,2018,0,0,0.7722511901011767,0.2807989830439407,0.19955569259403397,13.307174999999997,0.0,0.514071260978981,0.7354910714285714,0.8125,1.0,1,0
random_joint,reconfigure,2019,0,0,0.7780481315744159,0.23409454458975607,0.23445313021490818,14.056874999999993,0.0,0.4742524443935034,0.5792410714285714,0.8392857142857143,1.0,1,1
oracle_collective,assemble,2000,1,0,0.864770916834993,0.17684530952846292,0.16004299205028466,8.434125000000003,0.0,0.8149387770525238,0.8136160714285714,0.859375,1.0,1,1
oracle_collective,assemble,2001,1,0,0.9116607767777491,0.0931073911326462,0.1212347071127734,6.372450000000003,0.0,0.8851847076851446,0.6484375,0.7142857142857143,1.0,1,1
oracle_collective,assemble,2002,1,0,0.8966164760378702,0.1470078095681131,0.1144392871870783,6.747300000000004,0.0,0.82470746681609,0.734375,0.8035714285714286,1.0,1,1
oracle_collective,assemble,2003,1,0,0.8883453555082644,0.16172039943584152,0.15015731845643468,6.747300000000004,0.0,0.8519239953754737,0.7890625,0.8415178571428571,1.0,1,1
oracle_collective,assemble,2004,1,0,0.8531967667970614,0.17061175524952435,0.12810394892119079,10.120949999999997,0.0,0.7955427772331558,0.7399553571428571,0.7700892857142857,1.0,1,1
oracle_collective,assemble,2005,1,0,0.8607709333729302,0.14371066681615413,0.1419281605630458,9.933525000000001,0.0,0.7850987989936816,0.8526785714285714,0.9040178571428571,1.0,1,1
oracle_collective,assemble,2006,1,0,0.9028911066327777,0.14366334917693518,0.12077968042209514,6.185025000000003,0.0,0.8058392669770222,0.828125,0.8549107142857143,1.0,1,1
oracle_collective,assemble,2007,1,0,0.926636774078415,0.10378412107453432,0.151288306801403,4.4982000000000015,0.0,0.7833083090897083,0.8303571428571429,0.8839285714285714,1.0,1,1
oracle_collective,assemble,2008,1,0,0.8870677633505227,0.13595652821361878,0.17823538321902982,7.122150000000004,0.0,0.8353688600783342,0.7421875,0.8303571428571429,1.0,1,1
oracle_collective,assemble,2009,1,0,0.8708289180672324,0.18385549480665436,0.14173707053176765,7.871850000000004,0.0,0.7651765640823276,0.6473214285714286,0.6897321428571429,1.0,1,1
oracle_collective,assemble,2010,1,0,0.8972631085539322,0.15622767230649728,0.12271637027029436,6.372450000000003,0.0,0.8850861326530242,0.7477678571428571,0.7924107142857143,1.0,1,1
oracle_collective,assemble,2011,1,0,0.8432731722532862,0.1708301161231964,0.13103050902523672,11.058074999999997,0.0,0.8507711470932692,0.8370535714285714,0.8861607142857143,1.0,1,1
oracle_collective,assemble,2012,1,0,0.9079821207516534,0.14075758406834085,0.11828604232197368,5.810175000000003,0.0,0.8376489918751326,0.6875,0.7566964285714286,1.0,1,1
oracle_collective,assemble,2013,1,0,0.8599563788243719,0.17597182572919606,0.1546009693875056,8.996400000000003,0.0,0.8573797740765575,0.6428571428571429,0.6919642857142857,0.0,1,1
oracle_collective,assemble,2014,1,0,0.881569874262044,0.16311718491645402,0.13769384020440834,7.497000000000004,0.0,0.8099486712186188,0.5837053571428571,0.6919642857142857,1.0,1,1
oracle_collective,assemble,2015,1,0,0.8578507056644633,0.19027110868148076,0.11761124570036278,9.183825000000002,0.0,0.7864405550143867,0.7924107142857143,0.8214285714285714,1.0,1,1
oracle_collective,assemble,2016,1,0,0.8756849557634273,0.15041926035153372,0.11544988857784416,8.621550000000003,0.0,0.7728226269176959,0.7857142857142857,0.8526785714285714,1.0,1,1
oracle_collective,assemble,2017,1,0,0.8612378528623557,0.16545501198459497,0.13823313525672262,9.371250000000002,0.0,0.8562888775553963,0.8694196428571429,0.9263392857142857,1.0,1,1
oracle_collective,assemble,2018,1,0,0.8270923624089147,0.20193999002148677,0.13867189288395443,11.620349999999998,0.0,0.8587651521764994,0.8392857142857143,0.8794642857142857,1.0,1,1
oracle_collective,assemble,2019,1,0,0.8780928963250328,0.16770190485697942,0.15436941135363924,7.497000000000003,0.0,0.8454088282668127,0.6841517857142857,0.7276785714285714,1.0,1,1
oracle_collective,repair,2000,1,0,0.8721505172050608,0.14746798618727042,0.13666566170754943,8.808975000000002,0.0,0.846706582779202,0.6171875,0.6316964285714286,0.0,1,1
oracle_collective,repair,2001,1,0,0.8738039394438659,0.15464874182346777,0.12267371945830094,8.621550000000003,0.0,0.8272435578265633,0.6462053571428571,0.7232142857142857,1.0,1,1
oracle_collective,repair,2002,1,0,0.9016917032067012,0.13547902154153194,0.1315951710343831,6.372450000000003,0.0,0.8019849675022164,0.5892857142857143,0.6897321428571429,1.0,1,1
oracle_collective,repair,2003,1,0,0.8596122931686182,0.15103174034625147,0.1360950160018007,9.933524999999998,0.0,0.7772188046265343,0.8203125,0.8370535714285714,1.0,1,1
oracle_collective,repair,2004,1,0,0.8319122591174647,0.16729744728898235,0.14034504368941136,12.182624999999994,0.0,0.7547151965965779,0.8002232142857143,0.8258928571428571,1.0,1,1
oracle_collective,repair,2005,1,0,0.8853375342354899,0.17158186045328697,0.13512421865574398,6.934725000000004,0.0,0.7632417942827003,0.609375,0.6986607142857143,1.0,1,1
oracle_collective,repair,2006,1,0,0.8877881782656711,0.14292873282614216,0.131373359297085,7.497000000000004,0.0,0.8482573914842193,0.8024553571428571,0.8549107142857143,1.0,1,1
oracle_collective,repair,2007,1,0,0.799517469182884,0.23551514329040354,0.13109854379664218,13.307175000000003,0.0,0.8429415868842828,0.6618303571428571,0.7522321428571429,1.0,1,1
oracle_collective,repair,2008,1,0,0.904615467300187,0.11538488057164291,0.1281651506709971,6.5598750000000035,0.0,0.7901995920577896,0.6595982142857143,0.7075892857142857,1.0,1,1
oracle_collective,repair,2009,1,0,0.870199146984582,0.18329415006715824,0.11380723614377479,8.246700000000004,0.0,0.780388192880807,0.78125,0.8214285714285714,1.0,1,1
oracle_collective,repair,2010,1,0,0.8916791845839246,0.1499208411836367,0.11581719226231998,7.122150000000004,0.0,0.8347052120963631,0.9073660714285714,0.9196428571428571,1.0,1,1
oracle_collective,repair,2011,1,0,0.8449011967372086,0.1771682380450859,0.11575146502455141,10.870649999999994,0.0,0.7895206993160839,0.7790178571428571,0.8660714285714286,1.0,1,1
oracle_collective,repair,2012,1,0,0.9078877331446847,0.13596989670852022,0.1111353870317588,5.997600000000002,0.0,0.826200322259412,0.8013392857142857,0.8370535714285714,1.0,1,1
oracle_collective,repair,2013,1,0,0.8746940317499671,0.15150825712051877,0.1222111271568253,8.621550000000001,0.0,0.864303881101815,0.8984375,0.9151785714285714,1.0,1,1
oracle_collective,repair,2014,1,0,0.8419599077098064,0.17795204002836806,0.12376633524312447,11.058074999999997,0.0,0.8040979718547254,0.8080357142857143,0.8303571428571429,1.0,1,1
oracle_collective,repair,2015,1,0,0.8518231616905786,0.19313329613005312,0.12939675670459783,9.558675,0.0,0.8443393952083779,0.6361607142857143,0.7142857142857143,1.0,1,1
oracle_collective,repair,2016,1,0,0.8709517888368498,0.14374681494169853,0.13819340333994037,8.996400000000005,0.0,0.7718784747640712,0.734375,0.7678571428571429,1.0,1,1
oracle_collective,repair,2017,1,0,0.9080435055185992,0.13653260193503075,0.12727715090127656,5.810175000000003,0.0,0.8178171947229862,0.8381696428571429,0.8772321428571429,1.0,1,1
oracle_collective,repair,2018,1,0,0.8478234262610505,0.18236285078853462,0.14405054163625017,10.120949999999997,0.0,0.825422511715191,0.6785714285714286,0.8236607142857143,1.0,1,1
oracle_collective,repair,2019,1,0,0.8638833397433925,0.19480228151776025,0.09910614365608444,8.621550000000003,0.0,0.7990288663600038,0.7220982142857143,0.9017857142857143,1.0,1,1
oracle_collective,reconfigure,2000,1,0,0.7815173729599285,0.22983507916570328,0.26079737528422026,13.307174999999988,0.0,0.919447445312665,0.6205357142857143,0.7455357142857143,1.0,1,1
oracle_collective,reconfigure,2001,1,0,0.8551356572443385,0.14674937742778169,0.22250339058979532,9.183825,0.0,0.8792201381405197,0.6071428571428571,0.640625,1.0,1,1
oracle_collective,reconfigure,2002,1,0,0.8294750780622224,0.17260729239012876,0.2212330759488929,11.058074999999995,0.0,0.8645126935205716,0.6127232142857143,0.7075892857142857,0.0,1,1
oracle_collective,reconfigure,2003,1,0,0.7988475323243643,0.21497447384898388,0.19331347672478827,13.307174999999988,0.0,0.8200753104253906,0.6316964285714286,0.6741071428571429,0.0,1,1
oracle_collective,reconfigure,2004,1,0,0.7607525519839372,0.2752038669682549,0.25894272437442506,13.682024999999998,0.0,0.8914470517548773,0.65625,0.7321428571428571,1.0,1,1
oracle_collective,reconfigure,2005,1,0,0.8429742593894362,0.17458039014300406,0.19436637238005214,10.120949999999999,0.0,0.911855959626724,0.6551339285714286,0.7165178571428571,1.0,1,1
oracle_collective,reconfigure,2006,1,0,0.8278800002809446,0.1855802060050973,0.19748949053491865,11.245500000000003,0.0,0.82824163540135,0.6305803571428571,0.6785714285714286,1.0,1,1
oracle_collective,reconfigure,2007,1,0,0.8239973727454342,0.18087768990441058,0.23737859544755702,11.058075000000002,0.0,0.8568633131225396,0.6830357142857143,0.7410714285714286,0.0,1,1
oracle_collective,reconfigure,2008,1,0,0.8440147461749806,0.17318747523706746,0.23296528148424023,9.371250000000002,0.0,0.8195114167858294,0.4564732142857143,0.6183035714285714,0.0,1,1
oracle_collective,reconfigure,2009,1,0,0.8435994289753213,0.18221010554252795,0.14783358688913031,10.495800000000001,0.0,0.8828531866049737,0.6071428571428571,0.65625,0.0,1,1
oracle_collective,reconfigure,2010,1,0,0.9096523875605318,0.13467055984342396,0.13478564056927392,5.622750000000003,0.0,0.8486562502006476,0.6919642857142857,0.7299107142857143,0.0,1,1
oracle_collective,reconfigure,2011,1,0,0.8425887910270206,0.17327933739637974,0.1749337222903041,10.495799999999997,0.0,0.8251178362248333,0.6595982142857143,0.7053571428571429,1.0,1,1
oracle_collective,reconfigure,2012,1,0,0.8107311175311918,0.24664772574301194,0.19254050782463963,10.87065,0.0,0.8338140048348598,0.7779017857142857,0.8392857142857143,1.0,1,1
oracle_collective,reconfigure,2013,1,0,0.8363654456158859,0.20578195083724207,0.2080351615422219,9.558675000000004,0.0,0.8736563692652892,0.6015625,0.6808035714285714,0.0,1,1
oracle_collective,reconfigure,2014,1,0,0.8181939631298389,0.2114589751303613,0.2049143898498992,11.245499999999996,0.0,0.8918554052958158,0.6305803571428571,0.6495535714285714,1.0,1,1
oracle_collective,reconfigure,2015,1,0,0.8475442060456285,0.2009573494342195,0.15857757893474256,9.37125,0.0,0.8455893881792849,0.6383928571428571,0.7165178571428571,1.0,1,1
oracle_collective,reconfigure,2016,1,0,0.8551368128142692,0.1467292887334559,0.18979527753205094,9.746100000000002,0.0,0.8483632597959015,0.5892857142857143,0.6428571428571429,1.0,1,1
oracle_collective,reconfigure,2017,1,0,0.8528577468502616,0.17039411439797483,0.13173427215380568,10.120949999999999,0.0,0.8462567675657978,0.4330357142857143,0.5691964285714286,1.0,1,1
oracle_collective,reconfigure,2018,1,0,0.7576782820320043,0.29629043024682317,0.2450399739502657,13.307174999999997,0.0,0.8640712609789812,0.6104910714285714,0.6964285714285714,1.0,1,1
oracle_collective,reconfigure,2019,1,0,0.8254014193931342,0.21419914491865952,0.18870860255160193,10.683224999999998,0.0,0.8238353467623496,0.48549107142857145,0.703125,0.0,1,1
