condition,task,seed,success,collision,viability,final_gap,architecture_score,exact_partition,role_accuracy,blanket_accuracy,final_entropy,energy,agreements,causal_changes
collective_constitutive,assemble,2000,1,0,0.8517503833707645,0.0,0.8149387770525238,1.0,0.9118303571428571,0.9665178571428571,0.012663644591948287,9.746100000000002,10,1
collective_constitutive,assemble,2001,0,0,0.22715887823152806,8.334226597749161,0.3123167845374115,1.0,0.5758928571428571,0.6852678571428571,1.0030283382477365,28.488599999999963,10,0
collective_constitutive,assemble,2002,0,0,0.4933237040667343,6.701075354253752,0.35687811841765693,1.0,0.7555803571428571,0.8058035714285714,0.017514317287295987,19.304774999999985,10,0
collective_constitutive,assemble,2003,0,0,0.1050387576844669,7.495812723053831,0.33379289478707813,1.0,0.7109375,0.7790178571428571,0.14254664643876858,24.927524999999978,10,0
collective_constitutive,assemble,2004,1,0,0.847522482992481,0.0,0.7955427772331558,1.0,0.9006696428571429,0.9129464285714286,0.0263161001809692,10.308374999999998,6,1
collective_constitutive,assemble,2005,1,0,0.8408164539260218,0.0,0.7850987989936816,1.0,0.7332589285714286,0.8504464285714286,0.18801419594632449,11.245499999999996,10,1
collective_constitutive,assemble,2006,1,0,0.8301223880718421,0.0,0.8058392669770222,1.0,0.5290178571428571,0.6361607142857143,0.5129837066424453,8.434125000000002,8,1
collective_constitutive,assemble,2007,1,0,0.9002580418488824,0.0,0.7833083090897083,1.0,0.7232142857142857,0.7723214285714286,0.08402300196247983,6.372450000000003,10,1
collective_constitutive,assemble,2008,0,1,0.04989045082209908,8.294047647308474,0.29622444288694155,1.0,0.9210526315789473,0.95,0.2288505048142993,21.74129999999999,10,0
collective_constitutive,assemble,2009,0,1,0.05295336262444874,10.196794528423155,0.21389971717656486,0.0,0.6266666666666667,0.6933333333333334,0.0076794245010945155,15.18142500000001,6,0
collective_constitutive,assemble,2010,1,0,0.860649261801101,0.0,0.8850861326530242,1.0,0.7421875,0.78125,0.0009505460594097243,9.37125,10,1
collective_constitutive,assemble,2011,1,0,0.8285484836458945,0.0,0.8507711470932692,1.0,0.30580357142857145,0.43973214285714285,0.7017465056420801,12.74489999999999,10,1
collective_constitutive,assemble,2012,1,0,0.8969688947489832,0.0,0.8376489918751326,1.0,0.7589285714285714,0.8459821428571429,0.0017974184256523134,6.559875000000004,10,1
collective_constitutive,assemble,2013,1,0,0.8325995137021701,0.0,0.8573797740765575,0.0,0.734375,0.8013392857142857,0.6858567048836668,9.746100000000004,10,1
collective_constitutive,assemble,2014,1,0,0.16905893908864478,0.0,0.8099486712186188,1.0,0.5044642857142857,0.6026785714285714,2.99705561412057,31.674824999999945,9,1
collective_constitutive,assemble,2015,0,1,0.10968993119414974,8.984919754846617,0.25580160629310617,1.0,0.6535714285714286,0.6928571428571428,0.02440877436428868,10.495800000000003,10,0
collective_constitutive,assemble,2016,1,0,0.8367165398156291,0.0,0.7728226269176959,1.0,0.8013392857142857,0.8392857142857143,0.000532426431270043,10.683224999999993,10,1
collective_constitutive,assemble,2017,1,0,0.8453563931470669,0.0,0.8562888775553963,1.0,0.6283482142857143,0.6941964285714286,0.3824688933704171,10.87065,10,1
collective_constitutive,assemble,2018,0,1,0.03921422101793963,11.21474012510229,0.21137905103652166,0.0,0.6311881188118812,0.7400990099009901,2.3013655972589477,29.238299999999956,10,0
collective_constitutive,assemble,2019,1,0,0.7822836122385055,0.0,0.8454088282668127,1.0,0.8270089285714286,0.84375,0.062489992913913356,10.870649999999998,6,1
collective_constitutive,repair,2000,0,1,0.07751192938969369,7.876956472527303,0.31631376753244966,0.0,0.629950495049505,0.6806930693069307,2.616724413224502,21.366449999999986,10,0
collective_constitutive,repair,2001,0,0,0.42371565928942384,8.195932772439583,0.2969630032197909,1.0,0.75,0.8236607142857143,0.07398511756796013,17.992800000000003,10,0
collective_constitutive,repair,2002,1,0,0.8829871302137998,0.0,0.8019849675022164,1.0,0.4453125,0.5825892857142857,0.2157030808522142,7.497000000000004,10,1
collective_constitutive,repair,2003,1,0,0.8481958283827665,0.0,0.7772188046265343,1.0,0.8292410714285714,0.8459821428571429,0.0017035481071354232,9.183825,10,1
collective_constitutive,repair,2004,1,0,0.8269943881992152,0.0,0.7547151965965779,1.0,0.8359375,0.8616071428571429,0.0035747283338425223,12.744899999999992,9,1
collective_constitutive,repair,2005,1,0,0.8681541524094958,0.0,0.7632417942827003,0.0,0.5424107142857143,0.6272321428571429,1.5336494802732852,7.497000000000004,10,1
collective_constitutive,repair,2006,1,0,0.8406086874905926,0.0,0.8482573914842193,1.0,0.7522321428571429,0.8169642857142857,0.5421487192772075,8.246700000000002,10,1
collective_constitutive,repair,2007,1,0,0.7461257431271145,0.0,0.8429415868842828,1.0,0.6774553571428571,0.765625,0.028017022673078994,15.743699999999999,10,1
collective_constitutive,repair,2008,1,0,0.8916007451915652,0.0,0.7901995920577896,1.0,0.7154017857142857,0.75,0.05302421403014145,7.497000000000005,6,1
collective_constitutive,repair,2009,1,0,0.8608473865394135,0.0,0.780388192880807,1.0,0.828125,0.8683035714285714,0.05105731751269525,8.808975000000004,10,1
collective_constitutive,repair,2010,1,0,0.8840382843556388,0.0,0.8347052120963631,1.0,0.9073660714285714,0.9196428571428571,0.0023983653751235394,7.6844250000000045,10,1
collective_constitutive,repair,2011,1,0,0.8304646573711024,0.0,0.7895206993160839,1.0,0.7611607142857143,0.8482142857142857,0.10318090330085403,11.99519999999999,10,1
collective_constitutive,repair,2012,1,0,0.907579485609657,0.0,0.826200322259412,1.0,0.8013392857142857,0.8370535714285714,0.0034530727351812303,5.997600000000002,10,1
collective_constitutive,repair,2013,1,0,0.8651208667726905,0.0,0.864303881101815,1.0,0.8984375,0.9151785714285714,0.004423896161369736,9.558674999999997,10,1
collective_constitutive,repair,2014,0,0,0.6663367701139201,9.861088416944776,0.2344131285197682,1.0,0.7857142857142857,0.8080357142857143,0.022517864749199368,21.553874999999987,6,0
collective_constitutive,repair,2015,1,0,0.8459510462582127,0.0,0.8443393952083779,1.0,0.6629464285714286,0.7410714285714286,0.7513542873074321,9.933525,10,1
collective_constitutive,repair,2016,1,0,0.8537179696260974,0.0,0.7718784747640712,1.0,0.703125,0.7366071428571429,0.07932129332819501,10.683225000000002,10,1
collective_constitutive,repair,2017,1,0,0.903436430817376,0.0,0.8178171947229862,1.0,0.8303571428571429,0.8705357142857143,0.08667377412522047,6.185025000000003,6,1
collective_constitutive,repair,2018,1,0,0.8429331800739569,0.0,0.825422511715191,0.0,0.6372767857142857,0.7589285714285714,1.8466369230192048,9.933525,10,1
collective_constitutive,repair,2019,1,0,0.858597005412825,0.0,0.7990288663600038,1.0,0.7220982142857143,0.8928571428571429,0.05412862945247521,8.808975000000002,10,1
collective_constitutive,reconfigure,2000,1,0,0.7815173729599285,0.0,0.919447445312665,1.0,0.6205357142857143,0.7455357142857143,1.0497693373100128,13.307174999999988,1,1
collective_constitutive,reconfigure,2001,1,0,0.8551356572443385,0.0,0.8792201381405197,1.0,0.6071428571428571,0.640625,0.5422084720162199,9.183825,1,1
collective_constitutive,reconfigure,2002,1,0,0.8294750780622224,0.0,0.8645126935205716,0.0,0.6127232142857143,0.7075892857142857,1.3304179801981686,11.058074999999995,1,1
collective_constitutive,reconfigure,2003,1,0,0.7988475323243643,0.0,0.8200753104253906,0.0,0.6316964285714286,0.6741071428571429,3.4379237909263236,13.307174999999988,1,1
collective_constitutive,reconfigure,2004,1,0,0.7607525519839372,0.0,0.8914470517548773,1.0,0.65625,0.7321428571428571,1.2051127253191922,13.682024999999998,1,1
collective_constitutive,reconfigure,2005,1,0,0.8429742593894362,0.0,0.911855959626724,1.0,0.6551339285714286,0.7165178571428571,1.2568359458537068,10.120949999999999,1,1
collective_constitutive,reconfigure,2006,1,0,0.8278800002809446,0.0,0.82824163540135,1.0,0.6305803571428571,0.6785714285714286,0.3803240055386772,11.245500000000003,1,1
collective_constitutive,reconfigure,2007,0,0,0.8563052386117064,0.0,0.5068633131225394,0.0,0.7232142857142857,0.8549107142857143,2.818635866029912,9.558675000000003,1,1
collective_constitutive,reconfigure,2008,1,0,0.8440147461749806,0.0,0.8195114167858294,0.0,0.4564732142857143,0.6183035714285714,1.5745595665190055,9.371250000000002,1,1
collective_constitutive,reconfigure,2009,1,0,0.8477434581316869,0.0,0.8828531866049737,0.0,0.6462053571428571,0.6941964285714286,2.3545965360616647,10.12095,1,1
collective_constitutive,reconfigure,2010,1,0,0.9096523875605318,0.0,0.8486562502006476,0.0,0.6919642857142857,0.7299107142857143,3.27709965499691,5.622750000000003,1,1
collective_constitutive,reconfigure,2011,1,0,0.8425887910270206,0.0,0.8251178362248333,1.0,0.6595982142857143,0.7053571428571429,0.34571753252012,10.495799999999997,1,1
collective_constitutive,reconfigure,2012,1,0,0.8107311175311918,0.0,0.8338140048348598,1.0,0.7779017857142857,0.8392857142857143,0.7950826637635545,10.87065,1,1
collective_constitutive,reconfigure,2013,0,0,0.8589508089820076,0.0,0.5236563692652895,0.0,0.47433035714285715,0.640625,3.431163348528488,8.621550000000004,1,1
collective_constitutive,reconfigure,2014,1,0,0.8181939631298389,0.0,0.8918554052958158,1.0,0.6305803571428571,0.6495535714285714,0.4960363317058294,11.245499999999996,1,1
collective_constitutive,reconfigure,2015,1,0,0.8475442060456285,0.0,0.8455893881792849,1.0,0.6383928571428571,0.7165178571428571,0.4138989161594697,9.37125,1,1
collective_constitutive,reconfigure,2016,1,0,0.8529331850885256,0.0,0.8483632597959015,1.0,0.5424107142857143,0.5959821428571429,2.8235493750095086,9.933525000000001,1,1
collective_constitutive,reconfigure,2017,1,0,0.8528577468502616,0.0,0.8462567675657978,1.0,0.4330357142857143,0.5691964285714286,2.3901481321498634,10.120949999999999,1,1
collective_constitutive,reconfigure,2018,1,0,0.7576782820320043,0.0,0.8640712609789812,1.0,0.6104910714285714,0.6964285714285714,1.9836495304961361,13.307174999999997,1,1
collective_constitutive,reconfigure,2019,1,0,0.8254014193931342,0.0,0.8238353467623496,0.0,0.48549107142857145,0.703125,1.5529528645656694,10.683224999999998,1,1
collective_uniform_posterior,assemble,2000,1,0,0.8517503833707645,0.0,0.8149387770525238,1.0,0.9118303571428571,0.9665178571428571,0.012663644591948287,9.746100000000002,10,1
collective_uniform_posterior,assemble,2001,0,0,0.22715887823152806,8.334226597749161,0.3123167845374115,1.0,0.5758928571428571,0.6852678571428571,1.0030283382477365,28.488599999999963,10,0
collective_uniform_posterior,assemble,2002,0,0,0.4933237040667343,6.701075354253752,0.35687811841765693,1.0,0.7555803571428571,0.8058035714285714,0.017514317287295987,19.304774999999985,10,0
collective_uniform_posterior,assemble,2003,0,0,0.1050387576844669,7.495812723053831,0.33379289478707813,1.0,0.7109375,0.7790178571428571,0.14254664643876858,24.927524999999978,10,0
collective_uniform_posterior,assemble,2004,0,1,0.10572094315015414,8.84017484181872,0.26348666648470437,0.0,0.5509259259259259,0.5802469135802469,0.9259801995958551,17.617950000000004,10,0
collective_uniform_posterior,assemble,2005,1,0,0.8447532899767612,0.0,0.7850987989936816,1.0,0.8772321428571429,0.9263392857142857,0.141139522485663,11.058074999999995,10,1
collective_uniform_posterior,assemble,2006,1,0,0.8899285130710939,0.0,0.8058392669770222,1.0,0.6484375,0.6919642857142857,0.006752485278831788,7.122150000000004,10,1
collective_uniform_posterior,assemble,2007,0,0,0.6374393416874586,6.511824581123516,0.34707756994564415,1.0,0.7232142857142857,0.7723214285714286,0.0400820177891177,14.806574999999997,10,0
collective_uniform_posterior,assemble,2008,0,1,0.04989045082209908,8.294047647308474,0.29622444288694155,1.0,0.9210526315789473,0.95,0.2288505048142993,21.74129999999999,10,0
collective_uniform_posterior,assemble,2009,0,1,0.05295336262444874,10.196794528423155,0.21389971717656486,0.0,0.6266666666666667,0.6933333333333334,0.0076794245010945155,15.18142500000001,10,0
collective_uniform_posterior,assemble,2010,1,0,0.8843621010342695,0.0,0.8850861326530242,1.0,0.7399553571428571,0.7857142857142857,0.0036220557710797095,7.497000000000004,10,1
collective_uniform_posterior,assemble,2011,0,0,0.08243404952531995,8.704712761174454,0.2865904161220643,0.0,0.1796875,0.33482142857142855,0.6263088441228118,36.17302499999997,10,0
collective_uniform_posterior,assemble,2012,1,0,0.9017866125522993,0.0,0.8376489918751326,1.0,0.7477678571428571,0.8415178571428571,0.0015105981551751415,6.185025000000003,10,1
collective_uniform_posterior,assemble,2013,0,1,0.055642861039164736,8.065365547872371,0.31284575406724363,0.0,0.7994791666666666,0.8671875,1.9716997877868896,20.991599999999995,10,0
collective_uniform_posterior,assemble,2014,0,0,0.1765630370195176,7.158028273461328,0.3310327597751556,1.0,0.5089285714285714,0.6071428571428571,1.4237985163863178,31.674824999999945,10,0
collective_uniform_posterior,assemble,2015,0,1,0.10968993119414974,8.984919754846617,0.25580160629310617,1.0,0.6535714285714286,0.6928571428571428,0.02440877436428868,10.495800000000003,10,0
collective_uniform_posterior,assemble,2016,0,0,0.6928140283748185,8.230560569766485,0.2762287951883669,1.0,0.8013392857142857,0.8392857142857143,0.0007863931946898843,15.556275,10,0
collective_uniform_posterior,assemble,2017,0,0,0.3465918209869028,9.258107679212399,0.26917031838400424,0.0,0.6350446428571429,0.7098214285714286,0.7849729295935368,28.113749999999964,10,0
collective_uniform_posterior,assemble,2018,1,0,0.8106664645350932,0.0,0.8587651521764994,1.0,0.828125,0.8928571428571429,0.0036128653030431377,12.370049999999997,10,1
collective_uniform_posterior,assemble,2019,1,0,0.8476767302278416,0.0,0.8454088282668127,1.0,0.7243303571428571,0.7566964285714286,0.06905676428632075,8.434125000000003,10,1
collective_uniform_posterior,repair,2000,0,1,0.07751192938969369,7.876956472527303,0.31631376753244966,0.0,0.629950495049505,0.6806930693069307,2.616724413224502,21.366449999999986,10,0
collective_uniform_posterior,repair,2001,0,0,0.42371565928942384,8.195932772439583,0.2969630032197909,1.0,0.75,0.8236607142857143,0.07398511756796013,17.992800000000003,10,0
collective_uniform_posterior,repair,2002,1,0,0.8988716348895269,0.0,0.8019849675022164,1.0,0.45424107142857145,0.5848214285714286,0.6981744774586649,6.5598750000000035,10,1
collective_uniform_posterior,repair,2003,0,0,0.22900960862250402,9.996343395038078,0.22277871918898387,1.0,0.8292410714285714,0.8459821428571429,0.07769455698837932,17.243100000000005,10,0
collective_uniform_posterior,repair,2004,1,0,0.8291261223380331,0.0,0.7547151965965779,1.0,0.8337053571428571,0.859375,0.005880800449002091,12.370049999999994,10,1
collective_uniform_posterior,repair,2005,0,0,0.5799316308744012,7.287198964520324,0.30694697413157795,0.0,0.5825892857142857,0.6763392857142857,0.49380689205161893,14.05687500000001,10,0
collective_uniform_posterior,repair,2006,0,0,0.4461788285585281,9.196930939860076,0.2686925394670752,1.0,0.7522321428571429,0.8169642857142857,0.05123800063811772,15.368850000000007,10,0
collective_uniform_posterior,repair,2007,1,0,0.7461257431271145,0.0,0.8429415868842828,1.0,0.6774553571428571,0.765625,0.028017022673078994,15.743699999999999,10,1
collective_uniform_posterior,repair,2008,1,0,0.8916007451915652,0.0,0.7901995920577896,1.0,0.7154017857142857,0.75,0.05302421403014145,7.497000000000005,10,1
collective_uniform_posterior,repair,2009,0,0,0.5560362381734868,10.534997589625291,0.20912178390198088,1.0,0.828125,0.8683035714285714,0.22889508217912663,19.304774999999996,10,0
collective_uniform_posterior,repair,2010,1,0,0.8840382843556388,0.0,0.8347052120963631,1.0,0.9073660714285714,0.9196428571428571,0.0023983653751235394,7.6844250000000045,10,1
collective_uniform_posterior,repair,2011,1,0,0.8304646573711024,0.0,0.7895206993160839,1.0,0.7611607142857143,0.8482142857142857,0.10318090330085403,11.99519999999999,10,1
collective_uniform_posterior,repair,2012,0,0,0.3790200671846882,7.602167261215951,0.3194390080144016,1.0,0.8013392857142857,0.8370535714285714,0.04902630284842566,16.305975000000004,10,0
collective_uniform_posterior,repair,2013,0,1,0.1204854927655334,10.136344882801048,0.24344263044828007,1.0,0.88510101010101,0.9040404040404041,0.009872736394092023,17.055675,10,0
collective_uniform_posterior,repair,2014,0,0,0.6663367701139201,9.861088416944776,0.2344131285197682,1.0,0.7857142857142857,0.8080357142857143,0.022517864749199368,21.553874999999987,10,0
collective_uniform_posterior,repair,2015,1,0,0.8333058138160964,0.0,0.8443393952083779,1.0,0.7098214285714286,0.7723214285714286,0.6018184939290508,11.058074999999995,10,1
collective_uniform_posterior,repair,2016,1,0,0.8550353200537968,0.0,0.7718784747640712,1.0,0.7120535714285714,0.7455357142857143,0.022889853246479155,10.495800000000003,10,1
collective_uniform_posterior,repair,2017,1,0,0.8973391942725814,0.0,0.8178171947229862,0.0,0.8046875,0.84375,0.5322445218416737,6.747300000000004,10,1
collective_uniform_posterior,repair,2018,1,0,0.8363547216073542,0.0,0.825422511715191,1.0,0.6439732142857143,0.765625,0.6768944836298234,9.933525,10,1
collective_uniform_posterior,repair,2019,0,0,0.8025579207690432,6.8532467526373555,0.3392513334007145,1.0,0.7220982142857143,0.8928571428571429,0.5610796049845198,12.932325000000008,10,0
collective_uniform_posterior,reconfigure,2000,0,0,0.8400178364961829,0.0,0.5694474453126651,1.0,0.7366071428571429,0.8616071428571429,0.0011061589771496358,10.495799999999997,0,0
collective_uniform_posterior,reconfigure,2001,0,0,0.881629237899874,0.0,0.5292201381405198,1.0,0.6897321428571429,0.7232142857142857,0.0007484081699962821,8.059275000000005,0,0
collective_uniform_posterior,reconfigure,2002,0,0,0.8559494863529443,0.0,0.5145126935205714,0.0,0.7332589285714286,0.8102678571428571,1.9774261535437505,9.558675000000003,0,0
collective_uniform_posterior,reconfigure,2003,0,0,0.825288486554776,0.0,0.4700753104253901,1.0,0.7020089285714286,0.7388392857142857,1.5054421691247846,11.807774999999992,0,0
collective_uniform_posterior,reconfigure,2004,0,0,0.8099685914958219,0.0,0.5546250453770335,1.0,0.6540178571428571,0.7209821428571429,2.0718542122073984,12.370049999999996,0,0
collective_uniform_posterior,reconfigure,2005,0,0,0.8662203955630084,0.0,0.5618559596267242,1.0,0.8180803571428571,0.8482142857142857,0.349298162371613,8.808975000000002,0,0
collective_uniform_posterior,reconfigure,2006,0,0,0.8670913798863444,0.0,0.47824163540135006,1.0,0.7287946428571429,0.7767857142857143,0.0006706216390551524,8.621550000000004,0,0
collective_uniform_posterior,reconfigure,2007,0,0,0.8560119942225711,0.0,0.5068633131225394,1.0,0.8147321428571429,0.8616071428571429,0.13902065981279824,9.371250000000003,0,0
collective_uniform_posterior,reconfigure,2008,0,0,0.8900167008086535,0.0,0.595,0.0,0.5669642857142857,0.7075892857142857,1.0696301546233338,7.122150000000005,0,0
collective_uniform_posterior,reconfigure,2009,0,0,0.8576855298089519,0.0,0.595,1.0,0.7723214285714286,0.8013392857142857,0.05264115154233957,9.558675000000003,0,0
collective_uniform_posterior,reconfigure,2010,0,0,0.9169222184539579,0.0,0.595,0.0,0.7823660714285714,0.8392857142857143,1.472231381990645,5.060475000000003,0,0
collective_uniform_posterior,reconfigure,2011,0,0,0.854253502426343,0.0,0.4751178362248332,1.0,0.7020089285714286,0.7477678571428571,0.7193599733775982,9.746100000000002,0,0
collective_uniform_posterior,reconfigure,2012,0,0,0.826519202032263,0.0,0.48381400483485953,0.0,0.8359375,0.8928571428571429,2.377595654074035,10.308374999999998,0,0
collective_uniform_posterior,reconfigure,2013,0,0,0.8560069772329701,0.0,0.5236563692652895,0.0,0.5022321428571429,0.6227678571428571,1.8963259341765055,8.808975000000006,0,0
collective_uniform_posterior,reconfigure,2014,0,0,0.8526811930432354,0.0,0.595,0.0,0.6328125,0.6517857142857143,0.1881359547754034,9.558675,0,0
collective_uniform_posterior,reconfigure,2015,0,0,0.8655852000120048,0.0,0.49558938817928505,1.0,0.7276785714285714,0.8058035714285714,0.45606517605410574,8.059275000000005,0,0
collective_uniform_posterior,reconfigure,2016,0,0,0.8703977551594716,0.0,0.4983632597959017,1.0,0.6383928571428571,0.6919642857142857,0.05229071512353993,8.808975000000002,0,0
collective_uniform_posterior,reconfigure,2017,0,0,0.8636199569754976,0.0,0.595,0.0,0.4263392857142857,0.5513392857142857,2.1505653530043953,9.371250000000002,0,0
collective_uniform_posterior,reconfigure,2018,0,0,0.7722511901011767,0.0,0.514071260978981,1.0,0.7354910714285714,0.8125,0.0010297328999386408,13.307174999999997,0,0
collective_uniform_posterior,reconfigure,2019,0,0,0.8342298572406763,0.0,0.47383534676234973,0.0,0.5993303571428571,0.7767857142857143,1.8899593913236923,10.683225,0,0
