condition,task,seed,success,collision,viability,final_gap,architecture_score,exact_partition,role_accuracy,blanket_accuracy,final_entropy,causal_changes
constitutive,construct,1000,1,0,0.9470991074518965,0.0,0.8025677316478674,1.0,0.8894230769230769,0.9182692307692307,0.11249624066096495,3
constitutive,construct,1001,1,0,0.9535785542811487,0.0,0.8322196406161306,1.0,0.9074519230769231,0.9471153846153846,0.12143478611868905,3
constitutive,construct,1002,1,0,0.9080677212193936,0.0,0.8452380058131721,1.0,0.8713942307692307,0.8990384615384616,0.17973767190738515,3
constitutive,construct,1003,1,0,0.7926504147836578,0.0,0.8707034884752625,1.0,0.8245192307692307,0.8509615384615384,0.14117088043998788,3
constitutive,construct,1004,1,0,0.6167234675226637,0.0,0.7712578563398631,1.0,0.5865384615384616,0.8149038461538461,0.15840803218783078,3
constitutive,construct,1005,0,1,0.10631612479114799,0.0,0.8315619224401088,0.0,0.7321428571428571,0.8660714285714286,3.162486726038928,3
constitutive,construct,1006,0,1,0.1304543730509914,12.767702168992876,0.17325725065323624,0.0,0.32065217391304346,0.6086956521739131,6.440570063025006,1
constitutive,construct,1007,0,1,0.14361812504581883,29.599868074793452,0.01975732755915304,0.0,0.34615384615384615,0.75,5.888432191571198,0
constitutive,construct,1008,1,0,0.9121441978863793,0.0,0.804485652470661,1.0,0.7752403846153846,0.8269230769230769,0.24355728453037068,3
constitutive,construct,1009,0,1,0.14896924286320762,16.26568983905,0.0955449920239006,0.0,0.5078125,0.5078125,4.206753223318187,1
constitutive,construct,1010,1,0,0.6293341889940324,0.0,0.853826872150762,1.0,0.8942307692307693,0.9206730769230769,0.08510125980874045,3
constitutive,construct,1011,0,1,0.1523304361798448,10.45561545339567,0.22075655744315345,1.0,0.5241228070175439,0.6447368421052632,2.696722164718529,2
constitutive,construct,1012,1,0,0.9358590428856112,0.0,0.8159701800453321,1.0,0.8677884615384616,0.8701923076923077,0.18240299985923436,3
constitutive,construct,1013,0,1,0.07168091024354545,18.329823791502204,0.076274882044805,0.0,0.340625,0.725,2.8225216348499393,1
constitutive,construct,1014,1,0,0.8013639710894912,0.0,0.8189063011719857,1.0,0.9338942307692307,0.9735576923076923,0.18659557058163345,3
constitutive,construct,1015,1,0,0.7230607391074615,0.0,0.8020203964385557,1.0,0.921875,0.9375,0.15634986062309605,3
constitutive,construct,1016,0,1,0.11797917802609782,8.988332087393912,0.2661474314298116,0.0,0.23958333333333334,0.6458333333333334,3.5459604360531434,2
constitutive,construct,1017,1,0,0.964691302336079,0.0,0.8442114505201308,1.0,0.9206730769230769,0.9471153846153846,0.16887226842663355,3
constitutive,construct,1018,0,1,0.14329287244653374,24.04831206320989,0.03936324113859129,0.0,0.40625,0.6125,5.751055680910895,0
constitutive,construct,1019,1,0,0.8252490983476287,0.0,0.8032549092860874,1.0,0.8677884615384616,0.9519230769230769,0.08930818191640255,3
constitutive,stabilize,1000,1,0,0.9750221879114649,0.0,0.8224486653144023,1.0,0.7596153846153846,0.8173076923076923,0.18467221829267377,1
constitutive,stabilize,1001,1,0,0.9657315131979043,0.0,0.7686290516424727,1.0,0.8846153846153846,0.9182692307692307,0.1244584334393362,1
constitutive,stabilize,1002,1,0,0.9591859554741876,0.0,0.8325636667000912,1.0,0.8353365384615384,0.8822115384615384,0.15194640778257246,1
constitutive,stabilize,1003,1,0,0.9828086992381254,0.0,0.8470075658326555,1.0,0.84375,0.8894230769230769,0.6162086630162114,1
constitutive,stabilize,1004,1,0,0.9783629185163052,0.0,0.8061273722238181,1.0,0.9206730769230769,0.9471153846153846,0.08418763059877248,1
constitutive,stabilize,1005,1,0,0.9751681213115803,0.0,0.8278313015018084,1.0,0.796875,0.8677884615384616,0.47900635205116476,1
constitutive,stabilize,1006,1,0,0.9680468020255315,0.0,0.8190308502230885,1.0,0.8834134615384616,0.9254807692307693,0.21619209911900453,1
constitutive,stabilize,1007,1,0,0.9820013041649244,0.0,0.8110301821098053,1.0,0.7800480769230769,0.8653846153846154,0.1884530129788099,1
constitutive,stabilize,1008,1,0,0.980057820390025,0.0,0.7871875268900188,1.0,0.8942307692307693,0.9206730769230769,0.3071788231466105,1
constitutive,stabilize,1009,0,0,0.9065884849616945,8.10426928592411,0.27503555284497716,1.0,0.5877403846153846,0.625,0.8350433966092283,0
constitutive,stabilize,1010,1,0,0.9766865997525029,0.0,0.8195418714079108,1.0,0.9134615384615384,0.9399038461538461,0.08037495839175038,1
constitutive,stabilize,1011,0,0,0.9104331057885886,8.137546974451743,0.2705655142740298,1.0,0.6971153846153846,0.7572115384615384,0.32544671861100505,0
constitutive,stabilize,1012,1,0,0.9809960559945017,0.0,0.7850391373770679,1.0,0.8581730769230769,0.8966346153846154,0.15193825620620158,1
constitutive,stabilize,1013,1,0,0.9819734623402087,0.0,0.7946445427722872,1.0,0.8641826923076923,0.8774038461538461,0.1584202561137666,1
constitutive,stabilize,1014,1,0,0.9793452583349224,0.0,0.7958531200751507,1.0,0.8894230769230769,0.9423076923076923,0.3082153356735755,1
constitutive,stabilize,1015,1,0,0.9649778509892971,0.0,0.8231918566316412,1.0,0.9206730769230769,0.9471153846153846,0.1633856239143603,1
constitutive,stabilize,1016,1,0,0.9724020569847225,0.0,0.8227862899084301,1.0,0.9146634615384616,0.9278846153846154,0.22873220137242062,1
constitutive,stabilize,1017,1,0,0.982149566136203,0.0,0.8035490945837099,1.0,0.8257211538461539,0.8653846153846154,0.5925072488064237,1
constitutive,stabilize,1018,1,0,0.9582244771798818,0.0,0.8135399713529026,1.0,0.9471153846153846,0.9735576923076923,0.19529346352503804,1
constitutive,stabilize,1019,1,0,0.9770585872327995,0.0,0.791745118086885,1.0,0.9002403846153846,0.9134615384615384,0.14564402989338668,1
constitutive,transform,1000,1,0,0.9691338454358739,0.0,0.905006443301135,0.0,0.7415865384615384,0.7596153846153846,1.3232242252740811,1
constitutive,transform,1001,1,0,0.9785486755669814,0.0,0.8942138251329778,1.0,0.6790865384615384,0.7644230769230769,0.9449226184323454,1
constitutive,transform,1002,1,0,0.9701143060625913,0.0,0.8146881824488336,1.0,0.8365384615384616,0.8846153846153846,0.14303688486433463,1
constitutive,transform,1003,1,0,0.9788615622000382,0.0,0.8740240085156347,1.0,0.7728365384615384,0.7884615384615384,2.3724391358155295,1
constitutive,transform,1004,1,0,0.9854527340300742,0.0,0.8667979980771711,0.0,0.7800480769230769,0.8221153846153846,1.388365773247214,1
constitutive,transform,1005,1,0,0.9759100065497183,0.0,0.8572592299657754,1.0,0.5997596153846154,0.6947115384615384,1.2924026064394099,1
constitutive,transform,1006,1,0,0.9629679417820283,0.0,0.8244041111250442,0.0,0.7403846153846154,0.7764423076923077,1.7452458058081866,1
constitutive,transform,1007,0,0,0.9747977185257373,0.0,0.8621642202779719,0.0,0.7572115384615384,0.7908653846153846,1.3164031223739967,1
constitutive,transform,1008,1,0,0.9737131686545056,0.0,0.8996990010550081,1.0,0.8185096153846154,0.8317307692307693,1.012114360706821,1
constitutive,transform,1009,1,0,0.97005006330616,0.0,0.8957975060564662,0.0,0.6262019230769231,0.7307692307692307,1.2304847084670356,1
constitutive,transform,1010,0,0,0.9803309240265583,0.0,0.8888945721715834,1.0,0.7584134615384616,0.8149038461538461,1.6894077551575846,1
constitutive,transform,1011,0,0,0.9790409313621915,0.0,0.595,1.0,0.6045673076923077,0.7764423076923077,4.713107200269208,1
constitutive,transform,1012,1,0,0.9689617667300404,0.0,0.8856787546694451,0.0,0.78125,0.8149038461538461,2.5972848365897354,1
constitutive,transform,1013,1,0,0.979815598726831,0.0,0.8328606113269893,0.0,0.6490384615384616,0.6778846153846154,2.1025031908714933,1
constitutive,transform,1014,1,0,0.9646821036563417,0.0,0.8187907194154288,1.0,0.7668269230769231,0.7716346153846154,0.860899852306886,1
constitutive,transform,1015,1,0,0.9800439424781457,0.0,0.8231655960967464,0.0,0.6887019230769231,0.7307692307692307,1.3989971390442622,1
constitutive,transform,1016,0,0,0.9812420957304308,0.0,0.8476170310685467,0.0,0.7776442307692307,0.8197115384615384,4.32439842702024,1
constitutive,transform,1017,1,0,0.9654833051264087,0.0,0.7798594341158241,0.0,0.7271634615384616,0.7740384615384616,2.507582627504655,1
constitutive,transform,1018,1,0,0.9549772538159215,0.0,0.832420038201667,1.0,0.6382211538461539,0.6778846153846154,2.3126616721989217,1
constitutive,transform,1019,0,0,0.9736533834917658,0.0,0.8816786269948547,0.0,0.7055288461538461,0.7475961538461539,4.767929654757745,1
uniform_posterior,construct,1000,0,1,0.12758543931667318,0.0,0.8025677316478674,1.0,0.6666666666666666,0.75,2.7991728137094727,3
uniform_posterior,construct,1001,0,1,0.09603465928122454,7.2451823229559755,0.3364496827624593,1.0,0.7398648648648649,0.8513513513513513,1.8457741885987442,2
uniform_posterior,construct,1002,1,0,0.8916042566135131,0.0,0.8452380058131721,1.0,0.8137019230769231,0.8509615384615384,0.1751958491162902,3
uniform_posterior,construct,1003,0,1,0.08987875845322138,10.675056996101235,0.22927436064162923,1.0,0.5459183673469388,0.6020408163265306,1.2690826144539087,2
uniform_posterior,construct,1004,0,1,0.08782073412208949,0.0,0.7712578563398631,0.0,0.43,0.7,2.59889675289057,3
uniform_posterior,construct,1005,0,1,0.12177406753893977,8.97877674678533,0.27068578230404433,0.0,0.7115384615384616,0.8557692307692307,4.206500160042212,2
uniform_posterior,construct,1006,0,1,0.09835821128771936,6.413323569695186,0.38339845961970914,1.0,0.5138888888888888,0.6666666666666666,5.451230500369324,2
uniform_posterior,construct,1007,1,0,0.9097147654684403,0.0,0.799117463050907,1.0,0.6141826923076923,0.9254807692307693,0.26804212468537825,3
uniform_posterior,construct,1008,0,0,0.4295432765594129,8.977295377822324,0.26192054907077994,1.0,0.7920673076923077,0.8653846153846154,0.26774537605858617,2
uniform_posterior,construct,1009,0,1,0.11349128982248435,8.40958124093836,0.2550885735181193,0.0,0.5375,0.55625,2.8158329035822582,2
uniform_posterior,construct,1010,0,1,0.13419953573946455,0.0,0.853826872150762,0.0,0.6776315789473685,0.75,2.4723367063717454,3
uniform_posterior,construct,1011,1,0,0.9676524162578785,0.0,0.8156721326586054,1.0,0.7487980769230769,0.7956730769230769,0.1827249284281759,3
uniform_posterior,construct,1012,1,0,0.6923195909644254,0.0,0.8159701800453321,1.0,0.9302884615384616,0.9326923076923077,0.17343238150474904,3
uniform_posterior,construct,1013,1,0,0.5486882637893581,0.0,0.7541351968434633,1.0,0.6370192307692307,0.9399038461538461,0.20875395098979524,3
uniform_posterior,construct,1014,0,1,0.07116472311804739,0.0,0.8189063011719857,1.0,0.8596938775510204,0.9438775510204082,1.178092201253577,3
uniform_posterior,construct,1015,0,1,0.15538956913024066,20.433883501605056,0.062358413433440736,1.0,0.8307291666666666,0.8645833333333334,1.8767555208864646,1
uniform_posterior,construct,1016,0,1,0.11509365029432377,8.988332087393912,0.2661474314298116,0.0,0.3611111111111111,0.6180555555555556,3.7587150099199196,2
uniform_posterior,construct,1017,0,1,0.15579227177078286,7.184405828995336,0.3439004645908475,1.0,0.87109375,0.9140625,0.68377665250743,2
uniform_posterior,construct,1018,0,1,0.14471638252359673,17.886360328218466,0.08503614332232198,0.0,0.375,0.5875,5.927355884029522,1
uniform_posterior,construct,1019,0,1,0.13688624289535756,8.67640836629048,0.2715431514565013,1.0,0.506578947368421,0.7631578947368421,3.538186281746123,2
uniform_posterior,stabilize,1000,1,0,0.9720940326600568,0.0,0.8224486653144023,1.0,0.7692307692307693,0.8269230769230769,0.1842717285635927,1
uniform_posterior,stabilize,1001,1,0,0.9579585184190906,0.0,0.7686290516424727,1.0,0.8846153846153846,0.9182692307692307,0.14203150871823017,1
uniform_posterior,stabilize,1002,0,0,0.9261168422187437,7.20469793711704,0.3382964064343569,1.0,0.8353365384615384,0.8822115384615384,0.18641632149047813,0
uniform_posterior,stabilize,1003,0,0,0.9799521011521429,8.620892911114609,0.28832779593479163,1.0,0.84375,0.8894230769230769,0.375254802893693,0
uniform_posterior,stabilize,1004,0,0,0.9785231179307408,8.862276737644644,0.26625571134909554,1.0,0.9206730769230769,0.9471153846153846,0.10609867385749391,0
uniform_posterior,stabilize,1005,0,1,0.16398130277125145,12.020929196281687,0.18423152265523163,1.0,0.7484375,0.840625,0.29179833922469645,0
uniform_posterior,stabilize,1006,1,0,0.9673469488994257,0.0,0.8190308502230885,1.0,0.8834134615384616,0.9254807692307693,0.17959910463420037,1
uniform_posterior,stabilize,1007,1,0,0.9807609457484097,0.0,0.8110301821098053,1.0,0.7800480769230769,0.8653846153846154,0.18857640136961706,1
uniform_posterior,stabilize,1008,1,0,0.9775921746853415,0.0,0.7871875268900188,1.0,0.8942307692307693,0.9206730769230769,0.3108340891460556,1
uniform_posterior,stabilize,1009,0,0,0.8098027745835099,8.10426928592411,0.27503555284497716,1.0,0.6838942307692307,0.7211538461538461,0.7116742883186118,0
uniform_posterior,stabilize,1010,1,0,0.9757496236165135,0.0,0.8195418714079108,1.0,0.9134615384615384,0.9399038461538461,0.08057698903385754,1
uniform_posterior,stabilize,1011,0,0,0.9110673176108015,8.137546974451743,0.2705655142740298,1.0,0.6971153846153846,0.7572115384615384,0.3568248566841853,0
uniform_posterior,stabilize,1012,0,0,0.8228862515844646,10.332723504334712,0.21575492024899187,1.0,0.8581730769230769,0.8966346153846154,0.09086001258713344,0
uniform_posterior,stabilize,1013,0,0,0.9490060142891362,6.852785675994017,0.3374092850543307,1.0,0.8641826923076923,0.8774038461538461,0.1946479027165989,0
uniform_posterior,stabilize,1014,1,0,0.9752453940424592,0.0,0.7958531200751507,1.0,0.8894230769230769,0.9423076923076923,0.29332197423319906,1
uniform_posterior,stabilize,1015,0,1,0.17886017670494742,10.774114966975995,0.21409608750179826,1.0,0.9175,0.945,0.18008264276098807,0
uniform_posterior,stabilize,1016,1,0,0.9763457044344218,0.0,0.8227862899084301,1.0,0.9146634615384616,0.9278846153846154,0.20986716213910694,1
uniform_posterior,stabilize,1017,1,0,0.9814139712392217,0.0,0.8035490945837099,1.0,0.8257211538461539,0.8653846153846154,0.465104213622892,1
uniform_posterior,stabilize,1018,1,0,0.9601128167950034,0.0,0.8135399713529026,1.0,0.9471153846153846,0.9735576923076923,0.18579450888732615,1
uniform_posterior,stabilize,1019,0,0,0.9700459424481092,8.857879510320043,0.2616491752316957,1.0,0.9002403846153846,0.9134615384615384,0.13562736211657253,0
uniform_posterior,transform,1000,0,0,0.9642933804219237,0.0,0.14999999999999997,0.0,0.7415865384615384,0.7596153846153846,0.8248708281821349,1
uniform_posterior,transform,1001,0,0,0.9747662748197702,0.0,0.5183161915994744,0.0,0.6622596153846154,0.7475961538461539,0.41102525025285774,1
uniform_posterior,transform,1002,0,0,0.9706810127217864,0.0,0.4646881824488337,1.0,0.8725961538461539,0.9206730769230769,0.655977610508315,0
uniform_posterior,transform,1003,0,0,0.9778334162456693,0.0,0.5240240085156344,1.0,0.890625,0.90625,0.400772800235318,0
uniform_posterior,transform,1004,0,0,0.9784626148731473,0.0,0.46960287321754013,0.0,0.7800480769230769,0.8221153846153846,0.46044383550629264,1
uniform_posterior,transform,1005,0,0,0.9751283522339822,0.0,0.595,1.0,0.7127403846153846,0.8076923076923077,0.11198189515378795,0
uniform_posterior,transform,1006,0,0,0.9630775134017394,0.0,0.43911445844476826,0.0,0.7403846153846154,0.7764423076923077,0.3257265380423335,1
uniform_posterior,transform,1007,0,0,0.9757686830255162,0.0,0.595,0.0,0.7572115384615384,0.8990384615384616,1.4000923526710074,1
uniform_posterior,transform,1008,0,0,0.9702758701252602,0.0,0.5168681937413452,0.0,0.8112980769230769,0.8245192307692307,0.5341007043644042,1
uniform_posterior,transform,1009,0,0,0.9719174927033896,0.0,0.8957975060564662,1.0,0.6334134615384616,0.7379807692307693,3.9524946554552187,1
uniform_posterior,transform,1010,0,0,0.9590978604291874,0.0,0.14999999999999997,1.0,0.7728365384615384,0.8293269230769231,0.30118729841388314,1
uniform_posterior,transform,1011,1,0,0.9761777844543269,0.0,0.8501264225456479,1.0,0.6237980769230769,0.6802884615384616,0.7435708254775601,1
uniform_posterior,transform,1012,0,0,0.9697160744274016,0.0,0.5356787546694449,0.0,0.78125,0.9326923076923077,2.0081947293128515,1
uniform_posterior,transform,1013,0,0,0.9698432499291691,0.0,0.14999999999999997,1.0,0.7379807692307693,0.7668269230769231,0.17026351022526623,1
uniform_posterior,transform,1014,0,0,0.965389599608349,0.0,0.46385907004363613,1.0,0.7764423076923077,0.8581730769230769,0.6957939155774938,1
uniform_posterior,transform,1015,0,0,0.9808162976204347,0.0,0.4731655960967467,1.0,0.7151442307692307,0.7572115384615384,0.293452583357102,1
uniform_posterior,transform,1016,0,0,0.9797871649036598,0.0,0.5658686599533527,1.0,0.7848557692307693,0.8269230769230769,3.9472076767840227,1
uniform_posterior,transform,1017,0,0,0.7944268681275313,0.0,0.14999999999999997,0.0,0.7271634615384616,0.7740384615384616,0.6942148539943147,1
uniform_posterior,transform,1018,0,0,0.9008744150017458,0.0,0.4824200382016671,0.0,0.6790865384615384,0.71875,0.868324507796266,1
uniform_posterior,transform,1019,0,0,0.9641269150545018,0.0,0.595,1.0,0.7127403846153846,0.8605769230769231,3.5630288475441567,1
