condition,task,seed,success,viability,final_gap,architecture_score,exact_partition,role_accuracy,energy,final_entropy
collective_constitutive,assemble,2000,1,0.8810914700490261,0.0,0.8149387770525238,1.0,0.873641304347826,6.747300000000004,0.0024163286002233256
collective_constitutive,assemble,2001,0,0.09725537257300008,16.26066709018192,0.11595624784485391,0.0,0.40425531914893614,6.559875000000003,2.600622815917009
collective_constitutive,assemble,2002,0,0.7176743020715723,6.701075354253752,0.35687811841765693,1.0,0.7024456521739131,12.744899999999998,0.02991261760491192
collective_constitutive,assemble,2003,0,0.06498853789088435,10.284718510628897,0.22342034590308912,0.0,0.5,17.055675000000008,1.174940925643367
collective_constitutive,assemble,2004,0,0.13712206830327217,15.186564409722456,0.11918823726950913,1.0,0.43070652173913043,24.17782499999998,2.044467241107363
collective_constitutive,assemble,2005,0,0.39395097980005694,10.937723722299003,0.19496636245477536,1.0,0.71875,15.743700000000011,0.06998845458432078
collective_constitutive,assemble,2006,0,0.10141090758801559,17.905204984925405,0.0859472450931951,1.0,0.5555555555555556,15.36885000000001,0.06744613185466428
collective_constitutive,assemble,2007,0,0.14218057262773864,7.093797482846292,0.3227253612483466,1.0,0.8369565217391305,27.926324999999967,0.33598270698818145
collective_constitutive,assemble,2008,1,0.4661776166321824,0.0,0.8054767113114265,1.0,0.8926630434782609,18.367650000000005,0.00745845529716254
collective_constitutive,assemble,2009,0,0.18829887528739878,9.593217362130302,0.23121161177857458,0.0,0.5122282608695652,23.428124999999977,2.8672250831910464
collective_constitutive,assemble,2010,1,0.8625029270441101,0.0,0.8850861326530242,1.0,0.686141304347826,8.996400000000001,0.015560349341758335
collective_constitutive,assemble,2011,0,0.13155093777107965,8.704712761174454,0.2865904161220643,0.0,0.19157608695652173,28.676024999999953,0.73144931615627
collective_constitutive,assemble,2012,1,0.25085611272933805,0.0,0.8449291493241322,1.0,0.623641304347826,25.489799999999992,0.03834637712902551
collective_constitutive,assemble,2013,1,0.47136411801390365,0.0,0.8573797740765575,1.0,0.6467391304347826,17.055675,1.2666848187680837
collective_constitutive,assemble,2014,0,0.2510642609580687,7.158028273461328,0.3310327597751556,0.0,0.4279891304347826,24.177824999999974,2.1070935957236445
collective_constitutive,assemble,2015,1,0.30199867980849077,0.0,0.8451502939816926,1.0,0.5353260869565217,22.303575000000013,0.5583699133166272
collective_constitutive,assemble,2016,0,0.7193710892019882,7.016788861381427,0.35487575518286146,0.0,0.6168478260869565,10.308375000000002,0.27165316857152194
collective_constitutive,assemble,2017,0,0.09715611853936335,9.258107679212399,0.2455655271394961,1.0,0.5769230769230769,13.494600000000009,1.3907474387629017
collective_constitutive,assemble,2018,0,0.47257210229012786,11.21474012510229,0.21137905103652166,1.0,0.7472826086956522,22.678424999999976,0.7688142352706563
collective_constitutive,assemble,2019,0,0.21112306316567248,7.724681449643453,0.32189813661568784,0.0,0.30570652173913043,24.17782499999998,2.760020928552868
collective_constitutive,repair,2000,0,0.4698618278156484,7.876956472527303,0.31631376753244966,0.0,0.6752717391304348,17.9928,1.9604797328103305
collective_constitutive,repair,2001,0,0.7310469291561821,8.195932772439583,0.2969630032197909,1.0,0.6956521739130435,10.495800000000006,0.19045582891215346
collective_constitutive,repair,2002,1,0.8927506754901472,0.0,0.8019849675022164,0.0,0.3328804347826087,6.372450000000003,3.0459159205351716
collective_constitutive,repair,2003,1,0.8464068602400957,0.0,0.7772188046265343,1.0,0.7921195652173914,8.621550000000003,0.013859505667994085
collective_constitutive,repair,2004,1,0.8420975333031467,0.0,0.7547151965965779,1.0,0.8002717391304348,11.245499999999998,0.01163877502548894
collective_constitutive,repair,2005,1,0.8726595170827404,0.0,0.7632417942827003,0.0,0.5271739130434783,6.372450000000003,1.9999208634498116
collective_constitutive,repair,2006,1,0.8404074048445329,0.0,0.8482573914842193,1.0,0.6983695652173914,7.497000000000003,1.0846676004568456
collective_constitutive,repair,2007,1,0.785810835932721,0.0,0.8429415868842828,1.0,0.6073369565217391,10.12095,0.5545744381878833
collective_constitutive,repair,2008,1,0.9179781675739362,0.0,0.7901995920577896,1.0,0.6535326086956522,5.247900000000003,0.3281016848399405
collective_constitutive,repair,2009,1,0.8791901614757944,0.0,0.780388192880807,1.0,0.7907608695652174,7.122150000000003,0.9698525745975453
collective_constitutive,repair,2010,1,0.8957670126815889,0.0,0.8347052120963631,1.0,0.8872282608695652,6.934725000000004,0.03289481095461437
collective_constitutive,repair,2011,1,0.8369879849832216,0.0,0.7895206993160839,1.0,0.7092391304347826,10.870649999999994,0.0995802345236708
collective_constitutive,repair,2012,1,0.9313925778356924,0.0,0.826200322259412,1.0,0.7581521739130435,4.3107750000000005,0.010306686006079417
collective_constitutive,repair,2013,1,0.8884349717576596,0.0,0.864303881101815,1.0,0.876358695652174,7.309575000000002,0.016026356137699885
collective_constitutive,repair,2014,0,0.817345797891128,9.861088416944776,0.2344131285197682,1.0,0.7391304347826086,14.056875000000007,0.1187422474093456
collective_constitutive,repair,2015,1,0.8811390698789129,0.0,0.8443393952083779,0.0,0.6766304347826086,6.5598750000000035,2.9206862585873274
collective_constitutive,repair,2016,1,0.8878280530627983,0.0,0.7718784747640712,0.0,0.6684782608695652,7.6844250000000045,0.011980178711016143
collective_constitutive,repair,2017,1,0.927105939521927,0.0,0.8178171947229862,1.0,0.7934782608695652,4.310775000000001,0.016458796145874505
collective_constitutive,repair,2018,1,0.8522441190703581,0.0,0.825422511715191,1.0,0.5774456521739131,8.621550000000003,1.826225953781136
collective_constitutive,repair,2019,1,0.8941723245681463,0.0,0.7990288663600038,1.0,0.6616847826086957,5.810175000000003,0.0857546904973951
collective_constitutive,reconfigure,2000,1,0.7791693304655511,0.0,0.919447445312665,1.0,0.5570652173913043,12.557474999999993,0.03300123032151184
collective_constitutive,reconfigure,2001,0,0.8603184472536497,0.0,0.4576986741301782,0.0,0.5801630434782609,8.808975000000006,0.2892716444741344
collective_constitutive,reconfigure,2002,0,0.8980287757880717,0.0,0.5145126935205714,0.0,0.43070652173913043,5.997600000000003,2.9371654772498426
collective_constitutive,reconfigure,2003,0,0.8295954356239924,0.0,0.4700753104253901,0.0,0.46195652173913043,11.058074999999993,2.852248226185739
collective_constitutive,reconfigure,2004,0,0.8464822347872468,0.0,0.5546250453770335,1.0,0.6331521739130435,9.183825000000002,0.7582927404705545
collective_constitutive,reconfigure,2005,1,0.8657947500103216,0.0,0.911855959626724,0.0,0.563858695652174,7.497000000000004,1.88080826558101
collective_constitutive,reconfigure,2006,0,0.9003994826034769,0.0,0.47824163540135006,0.0,0.41983695652173914,5.997600000000003,1.4884443085856451
collective_constitutive,reconfigure,2007,1,0.8337158637922989,0.0,0.8568633131225396,0.0,0.5679347826086957,9.558675000000001,2.9071109504136885
collective_constitutive,reconfigure,2008,0,0.9161353626323611,0.0,0.595,0.0,0.5,4.873050000000003,2.208593139792309
collective_constitutive,reconfigure,2009,0,0.8886000633713785,0.0,0.595,0.0,0.4891304347826087,7.122150000000004,1.9792182926452846
collective_constitutive,reconfigure,2010,1,0.9407686900439183,0.0,0.8486562502006476,0.0,0.6820652173913043,3.3736500000000005,1.3529230307334092
collective_constitutive,reconfigure,2011,1,0.8533974346040739,0.0,0.8251178362248333,1.0,0.6372282608695652,8.996400000000001,0.41789136847859776
collective_constitutive,reconfigure,2012,1,0.7896874280692853,0.0,0.8338140048348598,1.0,0.7092391304347826,11.62035,0.0973867372971502
collective_constitutive,reconfigure,2013,0,0.8930472969179755,0.0,0.5236563692652895,0.0,0.5217391304347826,5.810175000000002,2.3775480462610963
collective_constitutive,reconfigure,2014,1,0.8014144225631862,0.0,0.8918554052958158,0.0,0.5,10.683224999999998,1.2625418965023032
collective_constitutive,reconfigure,2015,0,0.9074708360044192,0.0,0.49558938817928505,1.0,0.6684782608695652,5.247900000000002,0.06063308212074897
collective_constitutive,reconfigure,2016,1,0.8658785257725065,0.0,0.8483632597959015,1.0,0.5788043478260869,8.246700000000004,0.022328479991906625
collective_constitutive,reconfigure,2017,0,0.8781153389274883,0.0,0.595,0.0,0.3804347826086957,7.871850000000004,2.809276527283891
collective_constitutive,reconfigure,2018,1,0.8601498864673789,0.0,0.8640712609789812,0.0,0.5353260869565217,8.434125000000002,2.9487627239869743
collective_constitutive,reconfigure,2019,1,0.8694824655238393,0.0,0.8238353467623496,0.0,0.4361413043478261,7.871850000000006,2.6876244635723046
collective_uniform_posterior,assemble,2000,1,0.8810914700490261,0.0,0.8149387770525238,1.0,0.873641304347826,6.747300000000004,0.0024163286002233256
collective_uniform_posterior,assemble,2001,0,0.09725537257300008,16.26066709018192,0.11595624784485391,0.0,0.40425531914893614,6.559875000000003,2.600622815917009
collective_uniform_posterior,assemble,2002,1,0.8883847958967934,0.0,0.82470746681609,1.0,0.6970108695652174,7.309575000000004,0.03358593203564907
collective_uniform_posterior,assemble,2003,0,0.06498853789088435,10.284718510628897,0.22342034590308912,0.0,0.5,17.055675000000008,1.174940925643367
collective_uniform_posterior,assemble,2004,0,0.7315749722496807,6.346389567903736,0.3598639071795838,1.0,0.5529891304347826,14.244299999999997,0.00949270067955789
collective_uniform_posterior,assemble,2005,0,0.11099931633497273,18.061037825267867,0.08003089763767102,1.0,0.6443965517241379,9.371250000000005,0.14184895828966715
collective_uniform_posterior,assemble,2006,0,0.10552910377032465,7.696600206716568,0.30791053689566134,0.0,0.375,13.682025000000008,2.5147404852884248
collective_uniform_posterior,assemble,2007,0,0.1149960869735135,7.093797482846292,0.3227253612483466,1.0,0.7975543478260869,29.23829999999996,1.9771260765317766
collective_uniform_posterior,assemble,2008,0,0.13016927098954265,10.440098675169322,0.21842046762531903,1.0,0.7255434782608695,30.737699999999954,0.08089167395056045
collective_uniform_posterior,assemble,2009,0,0.5347938730298338,9.593217362130302,0.23121161177857458,1.0,0.48641304347826086,16.118550000000003,2.5607983220909514
collective_uniform_posterior,assemble,2010,0,0.40306504269773624,7.839028178143494,0.3322230042700585,1.0,0.6752717391304348,20.05447499999999,0.12827406313151593
collective_uniform_posterior,assemble,2011,0,0.13155093777107965,8.704712761174454,0.2865904161220643,0.0,0.19157608695652173,28.676024999999953,0.73144931615627
collective_uniform_posterior,assemble,2012,0,0.24289627735752417,18.220820466924028,0.08663035021292868,1.0,0.7051630434782609,29.987999999999957,0.001185153469192048
collective_uniform_posterior,assemble,2013,0,0.2817441446796298,8.065365547872371,0.31284575406724363,0.0,0.5978260869565217,24.17782499999998,2.73865544195938
collective_uniform_posterior,assemble,2014,1,0.8773446938771424,0.0,0.8099486712186188,1.0,0.5475543478260869,8.059275000000003,2.1125918264808536
collective_uniform_posterior,assemble,2015,0,0.16057929107482496,21.30561371993885,0.05892778783286642,0.0,0.32608695652173914,31.299974999999954,2.334321160618845
collective_uniform_posterior,assemble,2016,0,0.1359332084441608,15.247349431147914,0.12684269181751498,0.0,0.5952380952380952,14.994,0.3014688038226234
collective_uniform_posterior,assemble,2017,1,0.8425130574510189,0.0,0.7811969420067905,0.0,0.46059782608695654,9.746100000000002,1.3008181584366012
collective_uniform_posterior,assemble,2018,0,0.384614729159767,21.231501332088364,0.06043436023934206,0.0,0.7445652173913043,25.677224999999975,0.8326722765505714
collective_uniform_posterior,assemble,2019,0,0.04732943369306063,17.200240965202592,0.09847376919629977,0.0,0.36778846153846156,10.120950000000006,2.021302212850741
collective_uniform_posterior,repair,2000,0,0.4698618278156484,7.876956472527303,0.31631376753244966,0.0,0.6752717391304348,17.9928,1.9604797328103305
collective_uniform_posterior,repair,2001,0,0.7310469291561821,8.195932772439583,0.2969630032197909,1.0,0.6956521739130435,10.495800000000006,0.19045582891215346
collective_uniform_posterior,repair,2002,1,0.9109866180842259,0.0,0.8019849675022164,1.0,0.34782608695652173,5.435325000000002,2.4114967195851778
collective_uniform_posterior,repair,2003,0,0.4889262862303431,9.996343395038078,0.22277871918898387,1.0,0.7921195652173914,9.746100000000006,0.21309742822726135
collective_uniform_posterior,repair,2004,1,0.8438788391254416,0.0,0.7547151965965779,1.0,0.7975543478260869,10.870649999999998,0.019306326758761903
collective_uniform_posterior,repair,2005,0,0.7467969038586483,7.287198964520324,0.30694697413157795,1.0,0.532608695652174,6.5598750000000035,2.1128509810947316
collective_uniform_posterior,repair,2006,0,0.7332337041463706,9.196930939860076,0.2686925394670752,1.0,0.6983695652173914,8.246700000000002,0.16523907910207064
collective_uniform_posterior,repair,2007,1,0.785810835932721,0.0,0.8429415868842828,1.0,0.6073369565217391,10.12095,0.5545744381878833
collective_uniform_posterior,repair,2008,1,0.9179781675739362,0.0,0.7901995920577896,1.0,0.6535326086956522,5.247900000000003,0.3281016848399405
collective_uniform_posterior,repair,2009,0,0.7241137512353102,10.534997589625291,0.20912178390198088,1.0,0.7907608695652174,11.807775000000003,0.026325933288338883
collective_uniform_posterior,repair,2010,1,0.8957670126815889,0.0,0.8347052120963631,1.0,0.8872282608695652,6.934725000000004,0.03289481095461437
collective_uniform_posterior,repair,2011,1,0.8369879849832216,0.0,0.7895206993160839,1.0,0.7092391304347826,10.870649999999994,0.0995802345236708
collective_uniform_posterior,repair,2012,0,0.7958984837647359,7.602167261215951,0.3194390080144016,1.0,0.7581521739130435,9.933525000000001,0.26731796273728
collective_uniform_posterior,repair,2013,0,0.6689173255293205,10.136344882801048,0.24344263044828007,1.0,0.876358695652174,14.431725000000002,0.011782379895325457
collective_uniform_posterior,repair,2014,0,0.817345797891128,9.861088416944776,0.2344131285197682,1.0,0.7391304347826086,14.056875000000007,0.1187422474093456
collective_uniform_posterior,repair,2015,1,0.8679882003745902,0.0,0.8443393952083779,0.0,0.6875,7.684425000000004,3.2261690067802054
collective_uniform_posterior,repair,2016,1,0.8858296180407812,0.0,0.7718784747640712,0.0,0.6684782608695652,7.871850000000005,0.06665331154042078
collective_uniform_posterior,repair,2017,1,0.9205285595794832,0.0,0.8178171947229862,1.0,0.8029891304347826,4.873050000000002,0.45892477767397555
collective_uniform_posterior,repair,2018,1,0.8415220624454854,0.0,0.825422511715191,1.0,0.5665760869565217,8.808975000000002,0.6550680751503398
collective_uniform_posterior,repair,2019,0,0.869894501152241,6.8532467526373555,0.3392513334007145,1.0,0.6616847826086957,6.372450000000003,0.2245018937634091
collective_uniform_posterior,reconfigure,2000,0,0.8325162016047516,0.0,0.5694474453126651,1.0,0.6630434782608695,10.308374999999996,0.0022857787401392355
collective_uniform_posterior,reconfigure,2001,0,0.8940680239599623,0.0,0.5292201381405198,1.0,0.6440217391304348,6.5598750000000035,0.025790986116760572
collective_uniform_posterior,reconfigure,2002,0,0.8968803140014787,0.0,0.5145126935205714,1.0,0.6983695652173914,6.185025000000003,0.03435628225690651
collective_uniform_posterior,reconfigure,2003,0,0.8333568830693479,0.0,0.4700753104253901,1.0,0.71875,10.683224999999995,0.1584665092023054
collective_uniform_posterior,reconfigure,2004,0,0.8464822347872468,0.0,0.5546250453770335,1.0,0.6331521739130435,9.183825000000002,0.7582927404705545
collective_uniform_posterior,reconfigure,2005,0,0.8915407738213573,0.0,0.5618559596267242,0.0,0.686141304347826,6.5598750000000035,1.255911118638833
collective_uniform_posterior,reconfigure,2006,0,0.9002068352450576,0.0,0.47824163540135006,1.0,0.6644021739130435,5.997600000000003,0.03536382423565161
collective_uniform_posterior,reconfigure,2007,0,0.8736019430739294,0.0,0.5068633131225394,1.0,0.8070652173913043,7.871850000000005,0.07488420132637877
collective_uniform_posterior,reconfigure,2008,0,0.9161353626323611,0.0,0.595,0.0,0.5,4.873050000000003,2.208593139792309
collective_uniform_posterior,reconfigure,2009,0,0.8868070316289338,0.0,0.595,1.0,0.7228260869565217,7.122150000000004,0.8294870548949919
collective_uniform_posterior,reconfigure,2010,0,0.9461255364741048,0.0,0.595,0.0,0.8165760869565217,2.998800000000001,2.241650716593124
collective_uniform_posterior,reconfigure,2011,0,0.8768482002930724,0.0,0.4751178362248332,0.0,0.688858695652174,7.6844250000000045,0.06024642175450553
collective_uniform_posterior,reconfigure,2012,0,0.8118747014016353,0.0,0.48381400483485953,1.0,0.8152173913043478,10.683225000000002,0.043540118821117066
collective_uniform_posterior,reconfigure,2013,0,0.8930472969179755,0.0,0.5236563692652895,0.0,0.5217391304347826,5.810175000000002,2.3775480462610963
collective_uniform_posterior,reconfigure,2014,0,0.8494954116089166,0.0,0.595,1.0,0.6100543478260869,9.371250000000002,2.1881540622462503
collective_uniform_posterior,reconfigure,2015,0,0.9074708360044192,0.0,0.49558938817928505,1.0,0.6684782608695652,5.247900000000002,0.06063308212074897
collective_uniform_posterior,reconfigure,2016,0,0.8929571989106635,0.0,0.4983632597959017,1.0,0.5217391304347826,6.747300000000004,0.004266948381536554
collective_uniform_posterior,reconfigure,2017,0,0.8767596134439081,0.0,0.595,0.0,0.40625,8.059275000000003,1.957012454108337
collective_uniform_posterior,reconfigure,2018,0,0.865498791899016,0.0,0.514071260978981,1.0,0.6779891304347826,8.434125000000003,0.039866822454255296
collective_uniform_posterior,reconfigure,2019,0,0.8756281315285525,0.0,0.47383534676234973,0.0,0.47690217391304346,7.497000000000005,1.1693476295043719
