condition,task,seed,success,viability,final_gap,architecture_score,exact_partition,role_accuracy,final_entropy
constitutive,construct,1000,1,0.6425209364035293,0.0,0.8025677316478674,1.0,0.8798076923076923,0.1415009348477429
constitutive,construct,1001,1,0.41475296697324987,0.0,0.8322196406161306,1.0,0.9074519230769231,0.13869098210489506
constitutive,construct,1002,1,0.597075146764505,0.0,0.8452380058131721,1.0,0.8665865384615384,0.1820918814902766
constitutive,construct,1003,0,0.09854146135013525,0.0,0.8707034884752625,0.0,0.455,1.3470926310737632
constitutive,construct,1004,0,0.08988581913911496,0.0,0.7712578563398631,0.0,0.34,1.5653694796938826
constitutive,construct,1005,0,0.13621757655925154,15.980437079235942,0.11281520563632508,1.0,0.74,4.954196873674651
constitutive,construct,1006,0,0.13788945100989952,23.587884110727913,0.04480208799157834,0.0,0.4034090909090909,6.052101215024774
constitutive,construct,1007,0,0.14382344264032773,29.599868074793452,0.01975732755915304,0.0,0.34615384615384615,5.921812990210069
constitutive,construct,1008,1,0.9449887426609646,0.0,0.804485652470661,1.0,0.8329326923076923,0.232994407377402
constitutive,construct,1009,0,0.14832281552416007,16.26568983905,0.0955449920239006,0.0,0.5166666666666667,4.392150598482537
constitutive,construct,1010,0,0.14823161979810684,0.0,0.853826872150762,1.0,0.7105263157894737,2.442213859006712
constitutive,construct,1011,0,0.11438659562676776,6.421771764887959,0.3655090375408488,1.0,0.5021929824561403,2.0881425143254506
constitutive,construct,1012,0,0.10930883856841415,0.0,0.8159701800453321,1.0,0.8141025641025641,2.691565693078682
constitutive,construct,1013,0,0.10182423660571417,18.329823791502204,0.076274882044805,0.0,0.578125,5.135643455969443
constitutive,construct,1014,0,0.07238059707921216,0.0,0.8189063011719857,0.0,0.8100961538461539,1.6348362332694992
constitutive,construct,1015,0,0.12341008547192969,0.0,0.8020203964385557,0.0,0.7395833333333334,1.7512555138809565
constitutive,construct,1016,0,0.12377305059324456,28.54805134125187,0.023082748076776398,0.0,0.3159722222222222,4.42048441080392
constitutive,construct,1017,1,0.7830112614666489,0.0,0.8442114505201308,1.0,0.9206730769230769,0.1633993000633427
constitutive,construct,1018,0,0.14329287244653374,24.04831206320989,0.03936324113859129,0.0,0.40625,5.751055680910895
constitutive,construct,1019,0,0.13985406686831298,0.0,0.8032549092860874,1.0,0.6474358974358975,3.2047152019265375
constitutive,stabilize,1000,1,0.9750221879114649,0.0,0.8224486653144023,1.0,0.7596153846153846,0.18467221829267377
constitutive,stabilize,1001,1,0.9657315131979043,0.0,0.7686290516424727,1.0,0.8846153846153846,0.1244584334393362
constitutive,stabilize,1002,1,0.9591859554741876,0.0,0.8325636667000912,1.0,0.8353365384615384,0.15194640778257246
constitutive,stabilize,1003,1,0.9828086992381254,0.0,0.8470075658326555,1.0,0.84375,0.6162086630162114
constitutive,stabilize,1004,1,0.9783629185163052,0.0,0.8061273722238181,1.0,0.9206730769230769,0.08418763059877248
constitutive,stabilize,1005,1,0.9751681213115803,0.0,0.8278313015018084,1.0,0.796875,0.47900635205116476
constitutive,stabilize,1006,1,0.9680468020255315,0.0,0.8190308502230885,1.0,0.8834134615384616,0.21619209911900453
constitutive,stabilize,1007,1,0.9820013041649244,0.0,0.8110301821098053,1.0,0.7800480769230769,0.1884530129788099
constitutive,stabilize,1008,1,0.980057820390025,0.0,0.7871875268900188,1.0,0.8942307692307693,0.3071788231466105
constitutive,stabilize,1009,0,0.9065884849616945,8.10426928592411,0.27503555284497716,1.0,0.5877403846153846,0.8350433966092283
constitutive,stabilize,1010,1,0.9766865997525029,0.0,0.8195418714079108,1.0,0.9134615384615384,0.08037495839175038
constitutive,stabilize,1011,0,0.9104331057885886,8.137546974451743,0.2705655142740298,1.0,0.6971153846153846,0.32544671861100505
constitutive,stabilize,1012,1,0.9809960559945017,0.0,0.7850391373770679,1.0,0.8581730769230769,0.15193825620620158
constitutive,stabilize,1013,1,0.9819734623402087,0.0,0.7946445427722872,1.0,0.8641826923076923,0.1584202561137666
constitutive,stabilize,1014,1,0.9793452583349224,0.0,0.7958531200751507,1.0,0.8894230769230769,0.3082153356735755
constitutive,stabilize,1015,1,0.9649778509892971,0.0,0.8231918566316412,1.0,0.9206730769230769,0.1633856239143603
constitutive,stabilize,1016,1,0.9724020569847225,0.0,0.8227862899084301,1.0,0.9146634615384616,0.22873220137242062
constitutive,stabilize,1017,1,0.982149566136203,0.0,0.8035490945837099,1.0,0.8257211538461539,0.5925072488064237
constitutive,stabilize,1018,1,0.9582244771798818,0.0,0.8135399713529026,1.0,0.9471153846153846,0.19529346352503804
constitutive,stabilize,1019,1,0.9770585872327995,0.0,0.791745118086885,1.0,0.9002403846153846,0.14564402989338668
constitutive,transform,1000,1,0.9691338454358739,0.0,0.905006443301135,0.0,0.7415865384615384,1.3232242252740811
constitutive,transform,1001,1,0.9785486755669814,0.0,0.8942138251329778,1.0,0.6790865384615384,0.9449226184323454
constitutive,transform,1002,1,0.9701143060625913,0.0,0.8146881824488336,1.0,0.8365384615384616,0.14303688486433463
constitutive,transform,1003,1,0.9788615622000382,0.0,0.8740240085156347,1.0,0.7728365384615384,2.3724391358155295
constitutive,transform,1004,1,0.9854527340300742,0.0,0.8667979980771711,0.0,0.7800480769230769,1.388365773247214
constitutive,transform,1005,1,0.9759100065497183,0.0,0.8572592299657754,1.0,0.5997596153846154,1.2924026064394099
constitutive,transform,1006,1,0.9629679417820283,0.0,0.8244041111250442,0.0,0.7403846153846154,1.7452458058081866
constitutive,transform,1007,0,0.9747977185257373,0.0,0.8621642202779719,0.0,0.7572115384615384,1.3164031223739967
constitutive,transform,1008,1,0.9737131686545056,0.0,0.8996990010550081,1.0,0.8185096153846154,1.012114360706821
constitutive,transform,1009,1,0.97005006330616,0.0,0.8957975060564662,0.0,0.6262019230769231,1.2304847084670356
constitutive,transform,1010,0,0.9803309240265583,0.0,0.8888945721715834,1.0,0.7584134615384616,1.6894077551575846
constitutive,transform,1011,0,0.9790409313621915,0.0,0.595,1.0,0.6045673076923077,4.713107200269208
constitutive,transform,1012,1,0.9689617667300404,0.0,0.8856787546694451,0.0,0.78125,2.5972848365897354
constitutive,transform,1013,1,0.979815598726831,0.0,0.8328606113269893,0.0,0.6490384615384616,2.1025031908714933
constitutive,transform,1014,1,0.9646821036563417,0.0,0.8187907194154288,1.0,0.7668269230769231,0.860899852306886
constitutive,transform,1015,1,0.9800439424781457,0.0,0.8231655960967464,0.0,0.6887019230769231,1.3989971390442622
constitutive,transform,1016,0,0.9812420957304308,0.0,0.8476170310685467,0.0,0.7776442307692307,4.32439842702024
constitutive,transform,1017,1,0.9654833051264087,0.0,0.7798594341158241,0.0,0.7271634615384616,2.507582627504655
constitutive,transform,1018,1,0.9549772538159215,0.0,0.832420038201667,1.0,0.6382211538461539,2.3126616721989217
constitutive,transform,1019,0,0.9736533834917658,0.0,0.8816786269948547,0.0,0.7055288461538461,4.767929654757745
uniform_posterior,construct,1000,0,0.13720459038648947,9.338559223673888,0.2497589741187954,1.0,0.6428571428571429,3.44253313423666
uniform_posterior,construct,1001,0,0.08820552644239237,7.2451823229559755,0.3364496827624593,1.0,0.7326388888888888,1.5063454303088026
uniform_posterior,construct,1002,0,0.06221846293585361,14.375954037870278,0.14013748783160018,1.0,0.783203125,0.5569000659107539
uniform_posterior,construct,1003,0,0.09693674992333282,0.0,0.8707034884752625,0.0,0.495,1.9064208689501303
uniform_posterior,construct,1004,0,0.11541474608019917,9.943129908553173,0.22254548843178057,0.0,0.25,2.8715808810630654
uniform_posterior,construct,1005,0,0.13561307900347963,25.936490149422283,0.03250014328015729,1.0,0.74,4.954196873674651
uniform_posterior,construct,1006,0,0.13788945100989952,23.587884110727913,0.04480208799157834,0.0,0.4034090909090909,6.052101215024774
uniform_posterior,construct,1007,0,0.1445016247430402,19.329498654110242,0.07133025817844751,0.0,0.34615384615384615,5.98769716142767
uniform_posterior,construct,1008,1,0.6984728904057753,0.0,0.804485652470661,1.0,0.7776442307692307,0.24484109950688626
uniform_posterior,construct,1009,0,0.1479117089026725,14.638152334718212,0.11710130855895559,0.0,0.5166666666666667,4.786812459176155
uniform_posterior,construct,1010,0,0.1546416344336903,10.740798988734687,0.2229903671357179,1.0,0.7027027027027027,2.7781797921809384
uniform_posterior,construct,1011,0,0.13103673024186488,6.1001339805647214,0.3805036342248897,1.0,0.7463235294117647,0.1967000173902866
uniform_posterior,construct,1012,0,0.12497921830450291,12.121152732640327,0.1793310822049206,1.0,0.7986111111111112,3.6552693865159087
uniform_posterior,construct,1013,0,0.06894002770767782,6.115415910337683,0.3511258370395809,1.0,0.65625,2.853686809062418
uniform_posterior,construct,1014,0,0.07129256712629323,10.993997854991408,0.20720734094952964,0.0,0.8231132075471698,1.688614185155441
uniform_posterior,construct,1015,0,0.13439836336221908,0.0,0.8020203964385557,0.0,0.6301020408163265,2.090965956599148
uniform_posterior,construct,1016,0,0.12712133496509373,12.074691450023957,0.18095628602211739,0.0,0.2847222222222222,3.278097457645515
uniform_posterior,construct,1017,1,0.5108322934205738,0.0,0.8442114505201308,1.0,0.8629807692307693,0.24138354431180706
uniform_posterior,construct,1018,0,0.14329287244653374,24.04831206320989,0.03936324113859129,0.0,0.40625,5.751055680910895
uniform_posterior,construct,1019,0,0.14067451632916605,0.0,0.8032549092860874,1.0,0.6381578947368421,4.716383605217664
uniform_posterior,stabilize,1000,1,0.9720940326600568,0.0,0.8224486653144023,1.0,0.7692307692307693,0.1842717285635927
uniform_posterior,stabilize,1001,1,0.9579585184190906,0.0,0.7686290516424727,1.0,0.8846153846153846,0.14203150871823017
uniform_posterior,stabilize,1002,0,0.9261168422187437,7.20469793711704,0.3382964064343569,1.0,0.8353365384615384,0.18641632149047813
uniform_posterior,stabilize,1003,0,0.9799521011521429,8.620892911114609,0.28832779593479163,1.0,0.84375,0.375254802893693
uniform_posterior,stabilize,1004,0,0.9785231179307408,8.862276737644644,0.26625571134909554,1.0,0.9206730769230769,0.10609867385749391
uniform_posterior,stabilize,1005,0,0.16398130277125145,12.020929196281687,0.18423152265523163,1.0,0.7484375,0.29179833922469645
uniform_posterior,stabilize,1006,1,0.9673469488994257,0.0,0.8190308502230885,1.0,0.8834134615384616,0.17959910463420037
uniform_posterior,stabilize,1007,1,0.9807609457484097,0.0,0.8110301821098053,1.0,0.7800480769230769,0.18857640136961706
uniform_posterior,stabilize,1008,1,0.9775921746853415,0.0,0.7871875268900188,1.0,0.8942307692307693,0.3108340891460556
uniform_posterior,stabilize,1009,0,0.8098027745835099,8.10426928592411,0.27503555284497716,1.0,0.6838942307692307,0.7116742883186118
uniform_posterior,stabilize,1010,1,0.9757496236165135,0.0,0.8195418714079108,1.0,0.9134615384615384,0.08057698903385754
uniform_posterior,stabilize,1011,0,0.9110673176108015,8.137546974451743,0.2705655142740298,1.0,0.6971153846153846,0.3568248566841853
uniform_posterior,stabilize,1012,0,0.8228862515844646,10.332723504334712,0.21575492024899187,1.0,0.8581730769230769,0.09086001258713344
uniform_posterior,stabilize,1013,0,0.9490060142891362,6.852785675994017,0.3374092850543307,1.0,0.8641826923076923,0.1946479027165989
uniform_posterior,stabilize,1014,1,0.9752453940424592,0.0,0.7958531200751507,1.0,0.8894230769230769,0.29332197423319906
uniform_posterior,stabilize,1015,0,0.17886017670494742,10.774114966975995,0.21409608750179826,1.0,0.9175,0.18008264276098807
uniform_posterior,stabilize,1016,1,0.9763457044344218,0.0,0.8227862899084301,1.0,0.9146634615384616,0.20986716213910694
uniform_posterior,stabilize,1017,1,0.9814139712392217,0.0,0.8035490945837099,1.0,0.8257211538461539,0.465104213622892
uniform_posterior,stabilize,1018,1,0.9601128167950034,0.0,0.8135399713529026,1.0,0.9471153846153846,0.18579450888732615
uniform_posterior,stabilize,1019,0,0.9700459424481092,8.857879510320043,0.2616491752316957,1.0,0.9002403846153846,0.13562736211657253
uniform_posterior,transform,1000,0,0.9642933804219237,0.0,0.14999999999999997,0.0,0.7415865384615384,0.8248708281821349
uniform_posterior,transform,1001,0,0.9747662748197702,0.0,0.5183161915994744,0.0,0.6622596153846154,0.41102525025285774
uniform_posterior,transform,1002,0,0.9706810127217864,0.0,0.4646881824488337,1.0,0.8725961538461539,0.655977610508315
uniform_posterior,transform,1003,0,0.9778334162456693,0.0,0.5240240085156344,1.0,0.890625,0.400772800235318
uniform_posterior,transform,1004,0,0.9784626148731473,0.0,0.46960287321754013,0.0,0.7800480769230769,0.46044383550629264
uniform_posterior,transform,1005,0,0.9751283522339822,0.0,0.595,1.0,0.7127403846153846,0.11198189515378795
uniform_posterior,transform,1006,0,0.9630775134017394,0.0,0.43911445844476826,0.0,0.7403846153846154,0.3257265380423335
uniform_posterior,transform,1007,0,0.9757686830255162,0.0,0.595,0.0,0.7572115384615384,1.4000923526710074
uniform_posterior,transform,1008,0,0.9702758701252602,0.0,0.5168681937413452,0.0,0.8112980769230769,0.5341007043644042
uniform_posterior,transform,1009,0,0.9719174927033896,0.0,0.8957975060564662,1.0,0.6334134615384616,3.9524946554552187
uniform_posterior,transform,1010,0,0.9590978604291874,0.0,0.14999999999999997,1.0,0.7728365384615384,0.30118729841388314
uniform_posterior,transform,1011,1,0.9761777844543269,0.0,0.8501264225456479,1.0,0.6237980769230769,0.7435708254775601
uniform_posterior,transform,1012,0,0.9697160744274016,0.0,0.5356787546694449,0.0,0.78125,2.0081947293128515
uniform_posterior,transform,1013,0,0.9698432499291691,0.0,0.14999999999999997,1.0,0.7379807692307693,0.17026351022526623
uniform_posterior,transform,1014,0,0.965389599608349,0.0,0.46385907004363613,1.0,0.7764423076923077,0.6957939155774938
uniform_posterior,transform,1015,0,0.9808162976204347,0.0,0.4731655960967467,1.0,0.7151442307692307,0.293452583357102
uniform_posterior,transform,1016,0,0.9797871649036598,0.0,0.5658686599533527,1.0,0.7848557692307693,3.9472076767840227
uniform_posterior,transform,1017,0,0.7944268681275313,0.0,0.14999999999999997,0.0,0.7271634615384616,0.6942148539943147
uniform_posterior,transform,1018,0,0.9008744150017458,0.0,0.4824200382016671,0.0,0.6790865384615384,0.868324507796266
uniform_posterior,transform,1019,0,0.9641269150545018,0.0,0.595,1.0,0.7127403846153846,3.5630288475441567
