condition,task,seed,success,collision,viability,mean_gap,final_gap,architecture_score,boundary_precision,role_accuracy,blanket_accuracy,exact_partition,causal_changes,recovery_delay
constitutive,construct,1000,1,0,0.9470991074518965,5.066582758048797,0.0,0.8025677316478674,0.8025677316478674,0.8894230769230769,0.9182692307692307,1.0,3,20.0
constitutive,construct,1001,1,0,0.9535785542811487,4.833520033635283,0.0,0.8322196406161306,0.8322196406161306,0.9074519230769231,0.9471153846153846,1.0,3,21.0
constitutive,construct,1002,1,0,0.9080677212193936,5.05699192565639,0.0,0.8452380058131721,0.8452380058131721,0.8713942307692307,0.8990384615384616,1.0,3,30.0
constitutive,construct,1003,1,0,0.7926504147836578,5.566498469202812,0.0,0.8707034884752625,0.8707034884752625,0.8245192307692307,0.8509615384615384,1.0,3,36.0
constitutive,construct,1004,1,0,0.6167234675226637,6.35687893417216,0.0,0.7712578563398631,0.7712578563398631,0.5865384615384616,0.8149038461538461,1.0,3,23.0
constitutive,construct,1005,0,1,0.10631612479114799,17.885529045085992,0.0,0.8315619224401088,0.8315619224401088,0.7321428571428571,0.8660714285714286,0.0,3,nan
constitutive,construct,1006,0,1,0.1304543730509914,21.235670645133336,12.767702168992876,0.17325725065323624,0.8546912213861346,0.32065217391304346,0.6086956521739131,0.0,1,nan
constitutive,construct,1007,0,1,0.14361812504581883,29.599868074793452,29.599868074793452,0.01975732755915304,0.799117463050907,0.34615384615384615,0.75,0.0,0,nan
constitutive,construct,1008,1,0,0.9121441978863793,7.172127185551458,0.0,0.804485652470661,0.804485652470661,0.7752403846153846,0.8269230769230769,1.0,3,31.0
constitutive,construct,1009,0,1,0.14896924286320762,20.547832466023646,16.26568983905,0.0955449920239006,0.7298277059905902,0.5078125,0.5078125,0.0,1,nan
constitutive,construct,1010,1,0,0.6293341889940324,5.437409320184206,0.0,0.853826872150762,0.853826872150762,0.8942307692307693,0.9206730769230769,1.0,3,20.0
constitutive,construct,1011,0,1,0.1523304361798448,16.482778848819187,10.45561545339567,0.22075655744315345,0.8156721326586054,0.5241228070175439,0.6447368421052632,1.0,2,nan
constitutive,construct,1012,1,0,0.9358590428856112,6.3296634536971705,0.0,0.8159701800453321,0.8159701800453321,0.8677884615384616,0.8701923076923077,1.0,3,20.0
constitutive,construct,1013,0,1,0.07168091024354545,21.38753174667105,18.329823791502204,0.076274882044805,0.7541351968434633,0.340625,0.725,0.0,1,nan
constitutive,construct,1014,1,0,0.8013639710894912,5.072766446246023,0.0,0.8189063011719857,0.8189063011719857,0.9338942307692307,0.9735576923076923,1.0,3,30.0
constitutive,construct,1015,1,0,0.7230607391074615,5.609801672767476,0.0,0.8020203964385557,0.8020203964385557,0.921875,0.9375,1.0,3,20.0
constitutive,construct,1016,0,1,0.11797917802609782,21.78686457682888,8.988332087393912,0.2661474314298116,0.8185970167007673,0.23958333333333334,0.6458333333333334,0.0,2,nan
constitutive,construct,1017,1,0,0.964691302336079,4.828611094478891,0.0,0.8442114505201308,0.8442114505201308,0.9206730769230769,0.9471153846153846,1.0,3,21.0
constitutive,construct,1018,0,1,0.14329287244653374,24.04831206320989,24.04831206320989,0.03936324113859129,0.7954209112790328,0.40625,0.6125,0.0,0,nan
constitutive,construct,1019,1,0,0.8252490983476287,5.153960240674583,0.0,0.8032549092860874,0.8032549092860874,0.8677884615384616,0.9519230769230769,1.0,3,24.0
constitutive,stabilize,1000,1,0,0.9750221879114649,0.6750969264042606,0.0,0.8224486653144023,0.8224486653144023,0.7596153846153846,0.8173076923076923,1.0,1,6.0
constitutive,stabilize,1001,1,0,0.9657315131979043,0.28545166310687126,0.0,0.7686290516424727,0.7686290516424727,0.8846153846153846,0.9182692307692307,1.0,1,3.0
constitutive,stabilize,1002,1,0,0.9591859554741876,0.4156556502182908,0.0,0.8325636667000912,0.8325636667000912,0.8353365384615384,0.8822115384615384,1.0,1,6.0
constitutive,stabilize,1003,1,0,0.9828086992381254,0.16578640213681942,0.0,0.8470075658326555,0.8470075658326555,0.84375,0.8894230769230769,1.0,1,2.0
constitutive,stabilize,1004,1,0,0.9783629185163052,0.34085679760171705,0.0,0.8061273722238181,0.8061273722238181,0.9206730769230769,0.9471153846153846,1.0,1,4.0
constitutive,stabilize,1005,1,0,0.9751681213115803,0.46234343062621874,0.0,0.8278313015018084,0.8278313015018084,0.796875,0.8677884615384616,1.0,1,4.0
constitutive,stabilize,1006,1,0,0.9680468020255315,0.06125248309928783,0.0,0.8190308502230885,0.8190308502230885,0.8834134615384616,0.9254807692307693,1.0,1,1.0
constitutive,stabilize,1007,1,0,0.9820013041649244,0.07716457191983737,0.0,0.8110301821098053,0.8110301821098053,0.7800480769230769,0.8653846153846154,1.0,1,1.0
constitutive,stabilize,1008,1,0,0.980057820390025,0.3717544095506833,0.0,0.7871875268900188,0.7871875268900188,0.8942307692307693,0.9206730769230769,1.0,1,4.0
constitutive,stabilize,1009,0,0,0.9065884849616945,5.688573633389039,8.10426928592411,0.27503555284497716,0.7574322035570311,0.5877403846153846,0.625,1.0,0,nan
constitutive,stabilize,1010,1,0,0.9766865997525029,0.0980819264783345,0.0,0.8195418714079108,0.8195418714079108,0.9134615384615384,0.9399038461538461,1.0,1,1.0
constitutive,stabilize,1011,0,0,0.9104331057885886,5.711932010913243,8.137546974451743,0.2705655142740298,0.748227920202877,0.6971153846153846,0.7572115384615384,1.0,0,nan
constitutive,stabilize,1012,1,0,0.9809960559945017,0.099353110618603,0.0,0.7850391373770679,0.7850391373770679,0.8581730769230769,0.8966346153846154,1.0,1,1.0
constitutive,stabilize,1013,1,0,0.9819734623402087,0.1976765098844428,0.0,0.7946445427722872,0.7946445427722872,0.8641826923076923,0.8774038461538461,1.0,1,3.0
constitutive,stabilize,1014,1,0,0.9793452583349224,0.10647347194643568,0.0,0.7958531200751507,0.7958531200751507,0.8894230769230769,0.9423076923076923,1.0,1,1.0
constitutive,stabilize,1015,1,0,0.9649778509892971,1.0359725929784611,0.0,0.8231918566316412,0.8231918566316412,0.9206730769230769,0.9471153846153846,1.0,1,10.0
constitutive,stabilize,1016,1,0,0.9724020569847225,0.17375280236474297,0.0,0.8227862899084301,0.8227862899084301,0.9146634615384616,0.9278846153846154,1.0,1,2.0
constitutive,stabilize,1017,1,0,0.982149566136203,1.5072021541297356,0.0,0.8035490945837099,0.8035490945837099,0.8257211538461539,0.8653846153846154,1.0,1,14.0
constitutive,stabilize,1018,1,0,0.9582244771798818,0.19975435129946462,0.0,0.8135399713529026,0.8135399713529026,0.9471153846153846,0.9735576923076923,1.0,1,2.0
constitutive,stabilize,1019,1,0,0.9770585872327995,0.1703438367369239,0.0,0.791745118086885,0.791745118086885,0.9002403846153846,0.9134615384615384,1.0,1,2.0
constitutive,transform,1000,1,0,0.9691338454358739,0.0,0.0,0.905006443301135,0.905006443301135,0.7415865384615384,0.7596153846153846,0.0,1,0.0
constitutive,transform,1001,1,0,0.9785486755669814,0.0,0.0,0.8942138251329778,0.8942138251329778,0.6790865384615384,0.7644230769230769,1.0,1,0.0
constitutive,transform,1002,1,0,0.9701143060625913,0.0,0.0,0.8146881824488336,0.8146881824488336,0.8365384615384616,0.8846153846153846,1.0,1,0.0
constitutive,transform,1003,1,0,0.9788615622000382,0.0,0.0,0.8740240085156347,0.8740240085156347,0.7728365384615384,0.7884615384615384,1.0,1,0.0
constitutive,transform,1004,1,0,0.9854527340300742,0.0,0.0,0.8667979980771711,0.8667979980771711,0.7800480769230769,0.8221153846153846,0.0,1,0.0
constitutive,transform,1005,1,0,0.9759100065497183,0.0,0.0,0.8572592299657754,0.8572592299657754,0.5997596153846154,0.6947115384615384,1.0,1,0.0
constitutive,transform,1006,1,0,0.9629679417820283,0.0,0.0,0.8244041111250442,0.8244041111250442,0.7403846153846154,0.7764423076923077,0.0,1,0.0
constitutive,transform,1007,0,0,0.9747977185257373,0.0,0.0,0.8621642202779719,0.8621642202779719,0.7572115384615384,0.7908653846153846,0.0,1,0.0
constitutive,transform,1008,1,0,0.9737131686545056,0.0,0.0,0.8996990010550081,0.8996990010550081,0.8185096153846154,0.8317307692307693,1.0,1,0.0
constitutive,transform,1009,1,0,0.97005006330616,0.0,0.0,0.8957975060564662,0.8957975060564662,0.6262019230769231,0.7307692307692307,0.0,1,0.0
constitutive,transform,1010,0,0,0.9803309240265583,0.0,0.0,0.8888945721715834,0.8888945721715834,0.7584134615384616,0.8149038461538461,1.0,1,0.0
constitutive,transform,1011,0,0,0.9790409313621915,0.0,0.0,0.595,0.595,0.6045673076923077,0.7764423076923077,1.0,1,0.0
constitutive,transform,1012,1,0,0.9689617667300404,0.0,0.0,0.8856787546694451,0.8856787546694451,0.78125,0.8149038461538461,0.0,1,0.0
constitutive,transform,1013,1,0,0.979815598726831,0.0,0.0,0.8328606113269893,0.8328606113269893,0.6490384615384616,0.6778846153846154,0.0,1,0.0
constitutive,transform,1014,1,0,0.9646821036563417,0.0,0.0,0.8187907194154288,0.8187907194154288,0.7668269230769231,0.7716346153846154,1.0,1,0.0
constitutive,transform,1015,1,0,0.9800439424781457,0.0,0.0,0.8231655960967464,0.8231655960967464,0.6887019230769231,0.7307692307692307,0.0,1,0.0
constitutive,transform,1016,0,0,0.9812420957304308,0.0,0.0,0.8476170310685467,0.8476170310685467,0.7776442307692307,0.8197115384615384,0.0,1,0.0
constitutive,transform,1017,1,0,0.9654833051264087,0.0,0.0,0.7798594341158241,0.7798594341158241,0.7271634615384616,0.7740384615384616,0.0,1,0.0
constitutive,transform,1018,1,0,0.9549772538159215,0.0,0.0,0.832420038201667,0.832420038201667,0.6382211538461539,0.6778846153846154,1.0,1,0.0
constitutive,transform,1019,0,0,0.9736533834917658,0.0,0.0,0.8816786269948547,0.8816786269948547,0.7055288461538461,0.7475961538461539,0.0,1,0.0
uniform_posterior,construct,1000,0,1,0.12758543931667318,21.095510021106357,0.0,0.8025677316478674,0.8025677316478674,0.6666666666666666,0.75,1.0,3,nan
uniform_posterior,construct,1001,0,1,0.09603465928122454,19.69407217657157,7.2451823229559755,0.3364496827624593,0.8322196406161306,0.7398648648648649,0.8513513513513513,1.0,2,nan
uniform_posterior,construct,1002,1,0,0.8916042566135131,5.124314115574233,0.0,0.8452380058131721,0.8452380058131721,0.8137019230769231,0.8509615384615384,1.0,3,30.0
uniform_posterior,construct,1003,0,1,0.08987875845322138,17.350300304267826,10.675056996101235,0.22927436064162923,0.8707034884752625,0.5459183673469388,0.6020408163265306,1.0,2,nan
uniform_posterior,construct,1004,0,1,0.08782073412208949,14.848820754880014,0.0,0.7712578563398631,0.7712578563398631,0.43,0.7,0.0,3,nan
uniform_posterior,construct,1005,0,1,0.12177406753893977,20.98802680755132,8.97877674678533,0.27068578230404433,0.8315619224401088,0.7115384615384616,0.8557692307692307,0.0,2,nan
uniform_posterior,construct,1006,0,1,0.09835821128771936,18.26377807637386,6.413323569695186,0.38339845961970914,0.8546912213861346,0.5138888888888888,0.6666666666666666,1.0,2,nan
uniform_posterior,construct,1007,1,0,0.9097147654684403,5.714434921879558,0.0,0.799117463050907,0.799117463050907,0.6141826923076923,0.9254807692307693,1.0,3,25.0
uniform_posterior,construct,1008,0,0,0.4295432765594129,12.870941173345175,8.977295377822324,0.26192054907077994,0.804485652470661,0.7920673076923077,0.8653846153846154,1.0,2,nan
uniform_posterior,construct,1009,0,1,0.11349128982248435,16.501232590687287,8.40958124093836,0.2550885735181193,0.7298277059905902,0.5375,0.55625,0.0,2,nan
uniform_posterior,construct,1010,0,1,0.13419953573946455,16.011941190897264,0.0,0.853826872150762,0.853826872150762,0.6776315789473685,0.75,0.0,3,24.0
uniform_posterior,construct,1011,1,0,0.9676524162578785,4.344272830618028,0.0,0.8156721326586054,0.8156721326586054,0.7487980769230769,0.7956730769230769,1.0,3,23.0
uniform_posterior,construct,1012,1,0,0.6923195909644254,8.037757846434795,0.0,0.8159701800453321,0.8159701800453321,0.9302884615384616,0.9326923076923077,1.0,3,48.0
uniform_posterior,construct,1013,1,0,0.5486882637893581,5.137720081181223,0.0,0.7541351968434633,0.7541351968434633,0.6370192307692307,0.9399038461538461,1.0,3,48.0
uniform_posterior,construct,1014,0,1,0.07116472311804739,13.826385615931729,0.0,0.8189063011719857,0.8189063011719857,0.8596938775510204,0.9438775510204082,1.0,3,nan
uniform_posterior,construct,1015,0,1,0.15538956913024066,26.234680245718938,20.433883501605056,0.062358413433440736,0.8020203964385557,0.8307291666666666,0.8645833333333334,1.0,1,nan
uniform_posterior,construct,1016,0,1,0.11509365029432377,21.196475167317665,8.988332087393912,0.2661474314298116,0.8185970167007673,0.3611111111111111,0.6180555555555556,0.0,2,nan
uniform_posterior,construct,1017,0,1,0.15579227177078286,13.744549351029338,7.184405828995336,0.3439004645908475,0.8442114505201308,0.87109375,0.9140625,1.0,2,nan
uniform_posterior,construct,1018,0,1,0.14471638252359673,23.43211688971075,17.886360328218466,0.08503614332232198,0.7954209112790328,0.375,0.5875,0.0,1,nan
uniform_posterior,construct,1019,0,1,0.13688624289535756,17.850179415796894,8.67640836629048,0.2715431514565013,0.8032549092860874,0.506578947368421,0.7631578947368421,1.0,2,nan
uniform_posterior,stabilize,1000,1,0,0.9720940326600568,1.3501938528085211,0.0,0.8224486653144023,0.8224486653144023,0.7692307692307693,0.8269230769230769,1.0,1,12.0
uniform_posterior,stabilize,1001,1,0,0.9579585184190906,1.236957206796442,0.0,0.7686290516424727,0.7686290516424727,0.8846153846153846,0.9182692307692307,1.0,1,13.0
uniform_posterior,stabilize,1002,0,0,0.9261168422187437,4.98786780261949,7.20469793711704,0.3382964064343569,0.8325636667000912,0.8353365384615384,0.8822115384615384,1.0,0,nan
uniform_posterior,stabilize,1003,0,0,0.9799521011521429,5.719630873720269,8.620892911114609,0.28832779593479163,0.8470075658326555,0.84375,0.8894230769230769,1.0,0,nan
uniform_posterior,stabilize,1004,0,0,0.9785231179307408,6.3058507556317664,8.862276737644644,0.26625571134909554,0.8061273722238181,0.9206730769230769,0.9471153846153846,1.0,0,nan
uniform_posterior,stabilize,1005,0,1,0.16398130277125145,6.611511057954928,12.020929196281687,0.18423152265523163,0.8278313015018084,0.7484375,0.840625,1.0,0,nan
uniform_posterior,stabilize,1006,1,0,0.9673469488994257,0.3062624154964392,0.0,0.8190308502230885,0.8190308502230885,0.8834134615384616,0.9254807692307693,1.0,1,5.0
uniform_posterior,stabilize,1007,1,0,0.9807609457484097,0.07716457191983737,0.0,0.8110301821098053,0.8110301821098053,0.7800480769230769,0.8653846153846154,1.0,1,1.0
uniform_posterior,stabilize,1008,1,0,0.9775921746853415,1.022324626264379,0.0,0.7871875268900188,0.7871875268900188,0.8942307692307693,0.9206730769230769,1.0,1,11.0
uniform_posterior,stabilize,1009,0,0,0.8098027745835099,5.688573633389039,8.10426928592411,0.27503555284497716,0.7574322035570311,0.6838942307692307,0.7211538461538461,1.0,0,nan
uniform_posterior,stabilize,1010,1,0,0.9757496236165135,0.5884915588700069,0.0,0.8195418714079108,0.8195418714079108,0.9134615384615384,0.9399038461538461,1.0,1,6.0
uniform_posterior,stabilize,1011,0,0,0.9110673176108015,5.711932010913243,8.137546974451743,0.2705655142740298,0.748227920202877,0.6971153846153846,0.7572115384615384,1.0,0,nan
uniform_posterior,stabilize,1012,0,0,0.8228862515844646,6.6566584114464,10.332723504334712,0.21575492024899187,0.7850391373770679,0.8581730769230769,0.8966346153846154,1.0,0,nan
uniform_posterior,stabilize,1013,0,0,0.9490060142891362,4.744236237226626,6.852785675994017,0.3374092850543307,0.7946445427722872,0.8641826923076923,0.8774038461538461,1.0,0,nan
uniform_posterior,stabilize,1014,1,0,0.9752453940424592,0.10647347194643568,0.0,0.7958531200751507,0.7958531200751507,0.8894230769230769,0.9423076923076923,1.0,1,1.0
uniform_posterior,stabilize,1015,0,1,0.17886017670494742,6.679951279525117,10.774114966975995,0.21409608750179826,0.8231918566316412,0.9175,0.945,1.0,0,nan
uniform_posterior,stabilize,1016,1,0,0.9763457044344218,1.1293932153708293,0.0,0.8227862899084301,0.8227862899084301,0.9146634615384616,0.9278846153846154,1.0,1,13.0
uniform_posterior,stabilize,1017,1,0,0.9814139712392217,0.10765729672355254,0.0,0.8035490945837099,0.8035490945837099,0.8257211538461539,0.8653846153846154,1.0,1,1.0
uniform_posterior,stabilize,1018,1,0,0.9601128167950034,0.7990174051978585,0.0,0.8135399713529026,0.8135399713529026,0.9471153846153846,0.9735576923076923,1.0,1,8.0
uniform_posterior,stabilize,1019,0,0,0.9700459424481092,6.0472062041607995,8.857879510320043,0.2616491752316957,0.791745118086885,0.9002403846153846,0.9134615384615384,1.0,0,nan
uniform_posterior,transform,1000,0,0,0.9642933804219237,0.0,0.0,0.14999999999999997,0.14999999999999997,0.7415865384615384,0.7596153846153846,0.0,1,0.0
uniform_posterior,transform,1001,0,0,0.9747662748197702,0.0,0.0,0.5183161915994744,0.5183161915994744,0.6622596153846154,0.7475961538461539,0.0,1,0.0
uniform_posterior,transform,1002,0,0,0.9706810127217864,0.0,0.0,0.4646881824488337,0.4646881824488337,0.8725961538461539,0.9206730769230769,1.0,0,0.0
uniform_posterior,transform,1003,0,0,0.9778334162456693,0.0,0.0,0.5240240085156344,0.5240240085156344,0.890625,0.90625,1.0,0,0.0
uniform_posterior,transform,1004,0,0,0.9784626148731473,0.0,0.0,0.46960287321754013,0.46960287321754013,0.7800480769230769,0.8221153846153846,0.0,1,0.0
uniform_posterior,transform,1005,0,0,0.9751283522339822,0.0,0.0,0.595,0.595,0.7127403846153846,0.8076923076923077,1.0,0,0.0
uniform_posterior,transform,1006,0,0,0.9630775134017394,0.0,0.0,0.43911445844476826,0.43911445844476826,0.7403846153846154,0.7764423076923077,0.0,1,0.0
uniform_posterior,transform,1007,0,0,0.9757686830255162,0.0,0.0,0.595,0.595,0.7572115384615384,0.8990384615384616,0.0,1,0.0
uniform_posterior,transform,1008,0,0,0.9702758701252602,0.0,0.0,0.5168681937413452,0.5168681937413452,0.8112980769230769,0.8245192307692307,0.0,1,0.0
uniform_posterior,transform,1009,0,0,0.9719174927033896,0.0,0.0,0.8957975060564662,0.8957975060564662,0.6334134615384616,0.7379807692307693,1.0,1,0.0
uniform_posterior,transform,1010,0,0,0.9590978604291874,0.0,0.0,0.14999999999999997,0.14999999999999997,0.7728365384615384,0.8293269230769231,1.0,1,0.0
uniform_posterior,transform,1011,1,0,0.9761777844543269,0.0,0.0,0.8501264225456479,0.8501264225456479,0.6237980769230769,0.6802884615384616,1.0,1,0.0
uniform_posterior,transform,1012,0,0,0.9697160744274016,0.0,0.0,0.5356787546694449,0.5356787546694449,0.78125,0.9326923076923077,0.0,1,0.0
uniform_posterior,transform,1013,0,0,0.9698432499291691,0.0,0.0,0.14999999999999997,0.14999999999999997,0.7379807692307693,0.7668269230769231,1.0,1,0.0
uniform_posterior,transform,1014,0,0,0.965389599608349,0.0,0.0,0.46385907004363613,0.46385907004363613,0.7764423076923077,0.8581730769230769,1.0,1,0.0
uniform_posterior,transform,1015,0,0,0.9808162976204347,0.0,0.0,0.4731655960967467,0.4731655960967467,0.7151442307692307,0.7572115384615384,1.0,1,0.0
uniform_posterior,transform,1016,0,0,0.9797871649036598,0.0,0.0,0.5658686599533527,0.5658686599533527,0.7848557692307693,0.8269230769230769,1.0,1,0.0
uniform_posterior,transform,1017,0,0,0.7944268681275313,0.0,0.0,0.14999999999999997,0.14999999999999997,0.7271634615384616,0.7740384615384616,0.0,1,0.0
uniform_posterior,transform,1018,0,0,0.9008744150017458,0.0,0.0,0.4824200382016671,0.4824200382016671,0.6790865384615384,0.71875,0.0,1,0.0
uniform_posterior,transform,1019,0,0,0.9641269150545018,0.0,0.0,0.595,0.595,0.7127403846153846,0.8605769230769231,1.0,1,0.0
diagnostic_only,construct,1000,0,1,0.15518439139158285,27.784630921562417,27.784630921562417,0.024896752842986758,0.8025677316478674,0.6212121212121212,0.7121212121212122,1.0,0,nan
diagnostic_only,construct,1001,0,1,0.09712525953360338,26.299565356648458,26.299565356648454,0.031082679274456324,0.8322196406161306,0.725,0.8428571428571429,1.0,0,nan
diagnostic_only,construct,1002,0,1,0.11245496507948304,22.024547967660983,22.024547967660986,0.05386870814455975,0.8452380058131721,0.5821428571428572,0.6857142857142857,1.0,0,nan
diagnostic_only,construct,1003,0,1,0.1096729721846868,26.650879263493536,26.650879263493533,0.031122828472771716,0.8707034884752625,0.515,0.57,1.0,0,nan
diagnostic_only,construct,1004,0,1,0.1455482824669944,31.376397597521404,31.376397597521407,0.01527126658830751,0.7712578563398631,0.37142857142857144,0.4928571428571429,1.0,0,nan
diagnostic_only,construct,1005,0,1,0.13561307900347963,25.936490149422283,25.936490149422283,0.03250014328015729,0.8315619224401088,0.74,0.85,1.0,0,nan
diagnostic_only,construct,1006,0,1,0.13788945100989952,23.58788411072792,23.587884110727913,0.04480208799157834,0.8546912213861346,0.4034090909090909,0.6022727272727273,0.0,0,nan
diagnostic_only,construct,1007,0,1,0.14361812504581883,29.599868074793452,29.599868074793452,0.01975732755915304,0.799117463050907,0.34615384615384615,0.75,0.0,0,nan
diagnostic_only,construct,1008,0,0,0.7059452604983086,29.097017926371752,29.09701792637176,0.021180392918246676,0.804485652470661,0.8185096153846154,0.8798076923076923,1.0,0,nan
diagnostic_only,construct,1009,0,1,0.1588008709334065,22.494260932829857,22.494260932829853,0.04386101438392733,0.7298277059905902,0.5166666666666667,0.5166666666666667,0.0,0,nan
diagnostic_only,construct,1010,0,1,0.16048656062615183,29.820170287553488,29.82017028755348,0.02053656922278812,0.853826872150762,0.6944444444444444,0.7708333333333334,1.0,0,nan
diagnostic_only,construct,1011,0,1,0.10877857913522038,22.977521198848343,22.97752119884835,0.046146555732705506,0.8156721326586054,0.5068181818181818,0.5954545454545455,1.0,0,nan
diagnostic_only,construct,1012,0,1,0.1394169298407514,34.5975908786424,34.5975908786424,0.010801434511018022,0.8159701800453321,0.7867647058823529,0.7941176470588235,1.0,0,nan
diagnostic_only,construct,1013,0,1,0.1341013323179499,24.445239701839892,24.44523970183989,0.03551363457796101,0.7541351968434633,0.5535714285714286,0.75,0.0,0,nan
diagnostic_only,construct,1014,0,1,0.12741052704553837,27.724713335253902,27.724713335253902,0.025594577279246942,0.8189063011719857,0.7242647058823529,0.8455882352941176,1.0,0,nan
diagnostic_only,construct,1015,0,1,0.16500253484637745,30.746411046696405,30.7464110466964,0.0171814902942261,0.8020203964385557,0.8307291666666666,0.8645833333333334,1.0,0,nan
diagnostic_only,construct,1016,0,1,0.12377305059324456,28.548051341251867,28.54805134125187,0.023082748076776398,0.8185970167007673,0.3159722222222222,0.5486111111111112,0.0,0,nan
diagnostic_only,construct,1017,0,1,0.18792025924928576,25.78406049934944,25.784060499349444,0.0336292234532002,0.8442114505201308,0.87109375,0.9140625,1.0,0,nan
diagnostic_only,construct,1018,0,1,0.14329287244653374,24.04831206320989,24.04831206320989,0.03936324113859129,0.7954209112790328,0.40625,0.6125,0.0,0,nan
diagnostic_only,construct,1019,0,1,0.15496304904478758,24.72077157835365,24.720771578353652,0.036546143311004906,0.8032549092860874,0.6180555555555556,0.8611111111111112,1.0,0,nan
diagnostic_only,stabilize,1000,0,1,0.18936581173047862,7.6131412423420235,11.701680057673851,0.19048549701064532,0.8224486653144023,0.6987951807228916,0.7710843373493976,1.0,0,nan
diagnostic_only,stabilize,1001,0,0,0.8390578637933365,6.279936588351166,9.895657654371536,0.2231069535354817,0.7686290516424727,0.8846153846153846,0.9182692307692307,1.0,0,nan
diagnostic_only,stabilize,1002,0,0,0.9264948830026349,4.98786780261949,7.20469793711704,0.3382964064343569,0.8325636667000912,0.8353365384615384,0.8822115384615384,1.0,0,nan
diagnostic_only,stabilize,1003,0,0,0.9781906909312897,5.719630873720269,8.620892911114609,0.28832779593479163,0.8470075658326555,0.84375,0.8894230769230769,1.0,0,nan
diagnostic_only,stabilize,1004,0,0,0.9672294506468299,6.3058507556317664,8.862276737644644,0.26625571134909554,0.8061273722238181,0.9206730769230769,0.9471153846153846,1.0,0,nan
diagnostic_only,stabilize,1005,0,1,0.1545896620189742,6.611511057954928,12.020929196281687,0.18423152265523163,0.8278313015018084,0.7484375,0.840625,1.0,0,nan
diagnostic_only,stabilize,1006,0,0,0.9232788856866839,4.410178783148723,6.370258242325934,0.36938500386414397,0.8190308502230885,0.8834134615384616,0.9254807692307693,1.0,0,nan
diagnostic_only,stabilize,1007,0,0,0.9585996650329932,5.6330137501481286,8.025115479663087,0.29742611297262506,0.8110301821098053,0.7800480769230769,0.8653846153846154,1.0,0,nan
diagnostic_only,stabilize,1008,0,1,0.12472904869970824,6.260682215387644,9.665614648317765,0.23515965575723297,0.7871875268900188,0.875,0.90625,1.0,0,nan
diagnostic_only,stabilize,1009,0,0,0.9065884849616945,5.688573633389039,8.10426928592411,0.27503555284497716,0.7574322035570311,0.5877403846153846,0.625,1.0,0,nan
diagnostic_only,stabilize,1010,0,0,0.9045335948995977,7.159980632918418,10.200520353746787,0.22899048363406813,0.8195418714079108,0.9134615384615384,0.9399038461538461,1.0,0,nan
diagnostic_only,stabilize,1011,0,0,0.9104331057885886,5.711932010913243,8.137546974451743,0.2705655142740298,0.748227920202877,0.6971153846153846,0.7572115384615384,1.0,0,nan
diagnostic_only,stabilize,1012,0,0,0.8446913818680429,6.6566584114464,10.332723504334712,0.21575492024899187,0.7850391373770679,0.8581730769230769,0.8966346153846154,1.0,0,nan
diagnostic_only,stabilize,1013,0,0,0.9475820341490585,4.744236237226626,6.852785675994017,0.3374092850543307,0.7946445427722872,0.8641826923076923,0.8774038461538461,1.0,0,nan
diagnostic_only,stabilize,1014,0,0,0.7782785632582927,7.879036924036239,11.07324108242931,0.19938936298523602,0.7958531200751507,0.8894230769230769,0.9423076923076923,1.0,0,nan
diagnostic_only,stabilize,1015,0,0,0.744792835970051,6.837419113657845,10.774114966975995,0.21409608750179826,0.8231918566316412,0.9206730769230769,0.9471153846153846,1.0,0,nan
diagnostic_only,stabilize,1016,0,0,0.8065693934424331,6.42885368749549,9.035145722966634,0.26594865917764526,0.8227862899084301,0.9146634615384616,0.9278846153846154,1.0,0,nan
diagnostic_only,stabilize,1017,0,1,0.1929011430352315,7.3848324390794335,11.196358859249465,0.19824297539402128,0.8035490945837099,0.8071808510638298,0.851063829787234,1.0,0,nan
diagnostic_only,stabilize,1018,0,0,0.6522664756637807,7.490788173729923,10.38722626757216,0.22206980670073836,0.8135399713529026,0.9471153846153846,0.9735576923076923,1.0,0,nan
diagnostic_only,stabilize,1019,0,0,0.9439465997360486,6.0472062041607995,8.857879510320043,0.2616491752316957,0.791745118086885,0.9002403846153846,0.9134615384615384,1.0,0,nan
diagnostic_only,transform,1000,0,0,0.9681847171734359,0.0,0.0,0.5550064433011351,0.5550064433011351,0.8521634615384616,0.8701923076923077,1.0,0,0.0
diagnostic_only,transform,1001,0,0,0.9776605293829889,0.0,0.0,0.5442138251329779,0.5442138251329779,0.7824519230769231,0.8677884615384616,1.0,0,0.0
diagnostic_only,transform,1002,0,0,0.9688026457629267,0.0,0.0,0.4646881824488337,0.4646881824488337,0.8725961538461539,0.9206730769230769,1.0,0,0.0
diagnostic_only,transform,1003,0,0,0.9791264183213346,0.0,0.0,0.5240240085156344,0.5240240085156344,0.890625,0.90625,1.0,0,0.0
diagnostic_only,transform,1004,0,0,0.9817669027732508,0.0,0.0,0.5167979980771708,0.5167979980771708,0.9002403846153846,0.9423076923076923,1.0,0,0.0
diagnostic_only,transform,1005,0,0,0.9751283522339822,0.0,0.0,0.595,0.595,0.7127403846153846,0.8076923076923077,1.0,0,0.0
diagnostic_only,transform,1006,0,0,0.962288478417623,0.0,0.0,0.47440411112504405,0.47440411112504405,0.8605769230769231,0.8966346153846154,1.0,0,0.0
diagnostic_only,transform,1007,0,0,0.9745958887502645,0.0,0.0,0.5194948685446643,0.5194948685446643,0.8653846153846154,0.8990384615384616,1.0,0,0.0
diagnostic_only,transform,1008,0,0,0.972257153744445,0.0,0.0,0.5496990010550074,0.5496990010550074,0.9338942307692307,0.9471153846153846,1.0,0,0.0
diagnostic_only,transform,1009,0,0,0.9704346158909662,0.0,0.0,0.5627333200840569,0.5627333200840569,0.7079326923076923,0.8125,1.0,0,0.0
diagnostic_only,transform,1010,0,0,0.976594977157737,0.0,0.0,0.5351574811419811,0.5351574811419811,0.8641826923076923,0.9206730769230769,1.0,0,0.0
diagnostic_only,transform,1011,0,0,0.9725991476198749,0.0,0.0,0.500126422545648,0.500126422545648,0.7199519230769231,0.7764423076923077,1.0,0,0.0
diagnostic_only,transform,1012,0,0,0.9697270118274192,0.0,0.0,0.5356787546694449,0.5356787546694449,0.8990384615384616,0.9326923076923077,1.0,0,0.0
diagnostic_only,transform,1013,0,0,0.9795164603045218,0.0,0.0,0.595,0.595,0.7668269230769231,0.7956730769230769,1.0,0,0.0
diagnostic_only,transform,1014,0,0,0.9447297625265827,0.0,0.0,0.46879071941542894,0.46879071941542894,0.8533653846153846,0.8581730769230769,1.0,0,0.0
diagnostic_only,transform,1015,0,0,0.9807079085505023,0.0,0.0,0.4731655960967467,0.4731655960967467,0.8088942307692307,0.8509615384615384,1.0,0,0.0
diagnostic_only,transform,1016,0,0,0.9794695305893513,0.0,0.0,0.5600667536111661,0.5600667536111661,0.890625,0.9326923076923077,1.0,0,0.0
diagnostic_only,transform,1017,0,0,0.9441056259050499,0.0,0.0,0.595,0.595,0.8545673076923077,0.9014423076923077,1.0,0,0.0
diagnostic_only,transform,1018,0,0,0.9173436993507619,0.0,0.0,0.4824200382016671,0.4824200382016671,0.796875,0.8365384615384616,1.0,0,0.0
diagnostic_only,transform,1019,0,0,0.9679165622114404,0.0,0.0,0.5405870048950414,0.5405870048950414,0.8185096153846154,0.8605769230769231,1.0,0,0.0
factorized,construct,1000,1,0,0.8397470722140964,5.246170435427142,0.0,0.8025677316478674,0.8025677316478674,0.8966346153846154,0.9230769230769231,1.0,3,26.0
factorized,construct,1001,1,0,0.8867596571342303,4.833520033635283,0.0,0.8322196406161306,0.8322196406161306,0.7920673076923077,0.9182692307692307,1.0,3,21.0
factorized,construct,1002,0,1,0.10882128990538455,21.80601671252411,14.375954037870278,0.14013748783160018,0.8452380058131721,0.3535714285714286,0.4714285714285714,1.0,1,nan
factorized,construct,1003,1,0,0.5262841467954253,6.613356435885503,0.0,0.8707034884752625,0.8707034884752625,0.8605769230769231,0.8894230769230769,1.0,3,57.0
factorized,construct,1004,0,1,0.08011745346593806,18.304412113555994,0.0,0.7712578563398631,0.7712578563398631,0.33,0.58,0.0,3,nan
factorized,construct,1005,0,1,0.12724588888348773,25.936490149422283,25.936490149422283,0.03250014328015729,0.8315619224401088,0.47,0.59,0.0,0,nan
factorized,construct,1006,0,1,0.13927407851208995,22.680115739399675,17.23350551143022,0.09914189137224984,0.8546912213861346,0.3273809523809524,0.5238095238095238,0.0,1,nan
factorized,construct,1007,0,1,0.15084897341729023,29.599868074793452,29.599868074793452,0.01975732755915304,0.799117463050907,0.32211538461538464,0.7211538461538461,0.0,0,nan
factorized,construct,1008,1,0,0.9692933114878771,6.147234833412815,0.0,0.804485652470661,0.804485652470661,0.8401442307692307,0.8798076923076923,1.0,3,25.0
factorized,construct,1009,1,0,0.9589649784624662,4.427335861736015,0.0,0.7298277059905902,0.7298277059905902,0.8125,0.8269230769230769,1.0,3,24.0
factorized,construct,1010,1,0,0.6321070187122332,5.437409320184206,0.0,0.853826872150762,0.853826872150762,0.8701923076923077,0.8966346153846154,1.0,3,20.0
factorized,construct,1011,1,0,0.9411491402350732,5.188287294188021,0.0,0.8156721326586054,0.8156721326586054,0.8305288461538461,0.8725961538461539,1.0,3,25.0
factorized,construct,1012,1,0,0.9136701019290161,8.640698023820384,0.0,0.8159701800453321,0.8159701800453321,0.6971153846153846,0.7259615384615384,1.0,3,36.0
factorized,construct,1013,0,1,0.07874072730072147,15.158173470253002,0.0,0.7541351968434633,0.7541351968434633,0.32926829268292684,0.774390243902439,1.0,3,nan
factorized,construct,1014,1,0,0.26485444615972226,13.380939964416624,0.0,0.8189063011719857,0.8189063011719857,0.36177884615384615,0.42788461538461536,0.0,3,nan
factorized,construct,1015,1,0,0.7014757538187092,5.609801672767476,0.0,0.8020203964385557,0.8020203964385557,0.9242788461538461,0.9375,1.0,3,20.0
factorized,construct,1016,0,1,0.11466187211830345,21.116048385160884,8.988332087393912,0.2661474314298116,0.8185970167007673,0.2604166666666667,0.5347222222222222,0.0,2,nan
factorized,construct,1017,1,0,0.9851253199491841,4.729642956631073,0.0,0.8442114505201308,0.8442114505201308,0.9206730769230769,0.9471153846153846,1.0,3,20.0
factorized,construct,1018,0,1,0.13208729573835834,24.04831206320989,24.04831206320989,0.03936324113859129,0.7954209112790328,0.3125,0.5375,0.0,0,nan
factorized,construct,1019,1,0,0.897308119607025,4.963789668092087,0.0,0.8032549092860874,0.8032549092860874,0.8052884615384616,0.9519230769230769,1.0,3,24.0
factorized,stabilize,1000,1,0,0.9795048443855913,0.3375484632021303,0.0,0.8224486653144023,0.8224486653144023,0.8317307692307693,0.8653846153846154,1.0,1,3.0
factorized,stabilize,1001,1,0,0.9745973834859258,0.5709033262137425,0.0,0.7686290516424727,0.7686290516424727,0.8100961538461539,0.8461538461538461,1.0,1,6.0
factorized,stabilize,1002,1,0,0.9821096092363615,0.27710376681219384,0.0,0.8325636667000912,0.8325636667000912,0.8353365384615384,0.90625,1.0,1,4.0
factorized,stabilize,1003,1,0,0.9889178699742907,1.409184418162965,0.0,0.8470075658326555,0.8470075658326555,0.7764423076923077,0.8509615384615384,1.0,1,17.0
factorized,stabilize,1004,1,0,0.9860924255015449,2.3859975832120197,0.0,0.8061273722238181,0.8061273722238181,0.6682692307692307,0.7548076923076923,1.0,1,28.0
factorized,stabilize,1005,1,0,0.9878520689888686,0.46234343062621874,0.0,0.8278313015018084,0.8278313015018084,0.7800480769230769,0.8533653846153846,1.0,1,4.0
factorized,stabilize,1006,1,0,0.985066361002761,0.06125248309928783,0.0,0.8190308502230885,0.8190308502230885,0.8713942307692307,0.9302884615384616,1.0,1,1.0
factorized,stabilize,1007,1,0,0.990672058406511,0.07716457191983737,0.0,0.8110301821098053,0.8110301821098053,0.8858173076923077,0.9278846153846154,1.0,1,1.0
factorized,stabilize,1008,1,0,0.9880038059881809,0.27881580716301246,0.0,0.7871875268900188,0.7871875268900188,0.8942307692307693,0.9206730769230769,1.0,1,3.0
factorized,stabilize,1009,1,0,0.9868413847731364,0.38962833105404376,0.0,0.7574322035570311,0.7574322035570311,0.859375,0.8894230769230769,1.0,1,5.0
factorized,stabilize,1010,1,0,0.986828774483278,0.0980819264783345,0.0,0.8195418714079108,0.8195418714079108,0.875,0.9014423076923077,1.0,1,1.0
factorized,stabilize,1011,1,0,0.9775974486232103,0.7042107958660163,0.0,0.748227920202877,0.748227920202877,0.6778846153846154,0.7475961538461539,1.0,1,9.0
factorized,stabilize,1012,1,0,0.9894385638435884,0.099353110618603,0.0,0.7850391373770679,0.7850391373770679,0.8341346153846154,0.8966346153846154,1.0,1,1.0
factorized,stabilize,1013,1,0,0.9921974940703698,0.13178433992296187,0.0,0.7946445427722872,0.7946445427722872,0.8810096153846154,0.8966346153846154,1.0,1,2.0
factorized,stabilize,1014,1,0,0.985212443577627,0.10647347194643568,0.0,0.7958531200751507,0.7958531200751507,0.875,0.9278846153846154,1.0,1,1.0
factorized,stabilize,1015,1,0,0.984447254223816,0.1035972592978461,0.0,0.8231918566316412,0.8231918566316412,0.9110576923076923,0.9423076923076923,1.0,1,1.0
factorized,stabilize,1016,1,0,0.9873647926899061,0.26062920354711444,0.0,0.8227862899084301,0.8227862899084301,0.7151442307692307,0.7355769230769231,1.0,1,3.0
factorized,stabilize,1017,1,0,0.9907568159993836,1.9378313410239458,0.0,0.8035490945837099,0.8035490945837099,0.8064903846153846,0.8461538461538461,1.0,1,18.0
factorized,stabilize,1018,1,0,0.9811653707529846,0.2996315269491969,0.0,0.8135399713529026,0.8135399713529026,0.9302884615384616,0.9591346153846154,1.0,1,3.0
factorized,stabilize,1019,1,0,0.9872207940307656,0.2555157551053858,0.0,0.791745118086885,0.791745118086885,0.9170673076923077,0.9326923076923077,1.0,1,3.0
factorized,transform,1000,0,0,0.9818154945667991,0.0,0.0,0.5550064433011351,0.5550064433011351,0.7560096153846154,0.8413461538461539,1.0,0,0.0
factorized,transform,1001,0,0,0.9857638140490798,0.0,0.0,0.5442138251329779,0.5442138251329779,0.8305288461538461,0.90625,1.0,0,0.0
factorized,transform,1002,0,0,0.9830695116824868,0.0,0.0,0.4646881824488337,0.4646881824488337,0.8125,0.8533653846153846,1.0,0,0.0
factorized,transform,1003,0,0,0.9900909011317784,0.0,0.0,0.5240240085156344,0.5240240085156344,0.9074519230769231,0.9206730769230769,1.0,0,0.0
factorized,transform,1004,0,0,0.9873678925097511,0.0,0.0,0.5167979980771708,0.5167979980771708,0.8016826923076923,0.8413461538461539,1.0,0,0.0
factorized,transform,1005,0,0,0.9816021570245776,0.0,0.0,0.595,0.595,0.7608173076923077,0.8317307692307693,1.0,0,0.0
factorized,transform,1006,0,0,0.9844328921441737,0.0,0.0,0.47440411112504405,0.47440411112504405,0.6995192307692307,0.7620192307692307,1.0,0,0.0
factorized,transform,1007,0,0,0.9826212969541948,0.0,0.0,0.5194948685446643,0.5194948685446643,0.8509615384615384,0.8798076923076923,1.0,0,0.0
factorized,transform,1008,0,0,0.9873455538861373,0.0,0.0,0.5496990010550074,0.5496990010550074,0.9002403846153846,0.9278846153846154,1.0,0,0.0
factorized,transform,1009,0,0,0.9885902546890969,0.0,0.0,0.5627333200840569,0.5627333200840569,0.8641826923076923,0.9182692307692307,1.0,0,0.0
factorized,transform,1010,0,0,0.9881554679022096,0.0,0.0,0.5351574811419811,0.5351574811419811,0.8209134615384616,0.8774038461538461,1.0,0,0.0
factorized,transform,1011,0,0,0.9740204570475058,0.0,0.0,0.500126422545648,0.500126422545648,0.640625,0.7379807692307693,1.0,0,0.0
factorized,transform,1012,0,0,0.9832060709494647,0.0,0.0,0.5356787546694449,0.5356787546694449,0.5721153846153846,0.6971153846153846,1.0,0,0.0
factorized,transform,1013,0,0,0.9884182666323147,0.0,0.0,0.595,0.595,0.6177884615384616,0.6538461538461539,0.0,0,0.0
factorized,transform,1014,0,0,0.9679647504082316,0.0,0.0,0.46879071941542894,0.46879071941542894,0.8581730769230769,0.8677884615384616,1.0,0,0.0
factorized,transform,1015,0,0,0.9839599221820731,0.0,0.0,0.4731655960967467,0.4731655960967467,0.7199519230769231,0.7596153846153846,1.0,0,0.0
factorized,transform,1016,0,0,0.9899507070867556,0.0,0.0,0.5600667536111661,0.5600667536111661,0.8161057692307693,0.8605769230769231,1.0,0,0.0
factorized,transform,1017,0,0,0.9649963682242391,0.0,0.0,0.595,0.595,0.8545673076923077,0.8822115384615384,1.0,0,0.0
factorized,transform,1018,0,0,0.9411068075128431,0.0,0.0,0.4824200382016671,0.4824200382016671,0.7560096153846154,0.8125,1.0,0,0.0
factorized,transform,1019,0,0,0.9781287504463765,0.0,0.0,0.5405870048950414,0.5405870048950414,0.8329326923076923,0.8701923076923077,1.0,0,0.0
random_design,construct,1000,0,1,0.13973197302567641,24.678345232713966,19.660499119958768,0.06873467909983384,0.8025677316478674,0.625,0.7058823529411765,1.0,1,nan
random_design,construct,1001,0,1,0.11502414240753792,16.969256980533896,7.2451823229559755,0.3364496827624593,0.8322196406161306,0.759375,0.8625,1.0,2,nan
random_design,construct,1002,0,1,0.07378474417893098,17.430609905767383,14.85352270031488,0.1320166318934936,0.8452380058131721,0.806640625,0.84375,1.0,1,nan
random_design,construct,1003,0,1,0.09238309647662214,15.37913892620199,7.904424257420323,0.32416364328931146,0.8707034884752625,0.453125,0.5104166666666666,1.0,2,nan
random_design,construct,1004,0,1,0.12477069346414045,21.964028707494982,10.607181642646356,0.20481867106904272,0.7712578563398631,0.50625,0.60625,1.0,2,nan
random_design,construct,1005,0,1,0.13275003437000463,25.656423736124257,18.934829816971668,0.07797997317083542,0.8315619224401088,0.74,0.85,1.0,1,nan
random_design,construct,1006,0,1,0.1413182179742354,22.432542547219246,17.23350551143022,0.09914189137224984,0.8546912213861346,0.32386363636363635,0.5681818181818182,0.0,1,nan
random_design,construct,1007,0,1,0.14600591571702629,29.599868074793452,29.599868074793452,0.01975732755915304,0.799117463050907,0.5234375,0.75,0.0,0,nan
random_design,construct,1008,0,0,0.3966516083534464,13.051021758802666,8.977295377822324,0.26192054907077994,0.804485652470661,0.8016826923076923,0.8509615384615384,1.0,2,nan
random_design,construct,1009,0,0,0.4593113068088726,9.281048864769161,6.228571093779853,0.33503570236558716,0.7298277059905902,0.8581730769230769,0.8605769230769231,1.0,2,nan
random_design,construct,1010,0,1,0.15620915855183976,24.44977079318614,19.079371298818792,0.07863422482967042,0.853826872150762,0.6111111111111112,0.7708333333333334,0.0,1,nan
random_design,construct,1011,0,1,0.1604377011129058,19.19570284336482,12.521905745452681,0.17050664299762786,0.8156721326586054,0.5452127659574468,0.6223404255319149,0.0,1,nan
random_design,construct,1012,0,1,0.12426158841592724,24.758012308205835,11.19038024234014,0.20145787046366112,0.8159701800453321,0.7837837837837838,0.8243243243243243,1.0,2,nan
random_design,construct,1013,0,1,0.0773023624635901,18.59576927672402,12.746298851608152,0.15328275713644215,0.7541351968434633,0.54375,0.68125,0.0,1,nan
random_design,construct,1014,0,1,0.07226814834750053,19.778641721642582,10.993997854991408,0.20720734094952964,0.8189063011719857,0.7429245283018868,0.8254716981132075,1.0,2,nan
random_design,construct,1015,0,1,0.15318010901308304,25.97136523385771,21.196319421019027,0.056689789314716896,0.8020203964385557,0.8411458333333334,0.875,1.0,1,nan
random_design,construct,1016,0,1,0.12658636169202978,25.529378478745883,16.473359891227915,0.1044200736447201,0.8185970167007673,0.3506944444444444,0.6736111111111112,0.0,1,nan
random_design,construct,1017,0,1,0.17777008061843527,19.83360121124936,15.491374163176326,0.12175139582907696,0.8442114505201308,0.66796875,0.9140625,0.0,1,nan
random_design,construct,1018,0,1,0.1442716649401992,24.04831206320989,24.04831206320989,0.03936324113859129,0.7954209112790328,0.34375,0.5625,0.0,0,nan
random_design,construct,1019,0,1,0.1365063554521671,19.002651415778576,9.79287766177125,0.23617248389450943,0.8032549092860874,0.5197368421052632,0.8092105263157895,0.0,2,nan
random_design,stabilize,1000,0,1,0.18566061723453403,7.661814323476925,11.701680057673851,0.19048549701064532,0.8224486653144023,0.6994047619047619,0.7738095238095238,1.0,0,nan
random_design,stabilize,1001,1,0,0.9686699941795199,1.046656098058528,0.0,0.7686290516424727,0.7686290516424727,0.8341346153846154,0.875,1.0,1,11.0
random_design,stabilize,1002,0,0,0.9264865135624998,4.98786780261949,7.20469793711704,0.3382964064343569,0.8325636667000912,0.8233173076923077,0.8725961538461539,1.0,0,nan
random_design,stabilize,1003,1,0,0.9846523825129591,0.16578640213681942,0.0,0.8470075658326555,0.8470075658326555,0.8413461538461539,0.8942307692307693,1.0,1,2.0
random_design,stabilize,1004,1,0,0.981436460912379,0.6817135952034341,0.0,0.8061273722238181,0.8061273722238181,0.8557692307692307,0.9086538461538461,1.0,1,8.0
random_design,stabilize,1005,0,1,0.16173981385788538,6.678293997934271,12.020929196281687,0.18423152265523163,0.8278313015018084,0.7515432098765432,0.8364197530864198,1.0,0,nan
random_design,stabilize,1006,0,0,0.9285764113701163,4.410178783148723,6.370258242325934,0.36938500386414397,0.8190308502230885,0.8689903846153846,0.9110576923076923,1.0,0,nan
random_design,stabilize,1007,0,0,0.9668628458589406,5.6330137501481286,8.025115479663087,0.29742611297262506,0.8110301821098053,0.7800480769230769,0.8653846153846154,1.0,0,nan
random_design,stabilize,1008,0,1,0.16630140740837165,5.774263296397627,9.665614648317765,0.23515965575723297,0.7871875268900188,0.8571428571428571,0.8928571428571429,1.0,0,nan
random_design,stabilize,1009,1,0,0.9750175071272121,1.24681065937294,0.0,0.7574322035570311,0.7574322035570311,0.6887019230769231,0.7307692307692307,1.0,1,16.0
random_design,stabilize,1010,1,0,0.9799066200142033,0.29424577943500346,0.0,0.8195418714079108,0.8195418714079108,0.8870192307692307,0.9254807692307693,1.0,1,3.0
random_design,stabilize,1011,0,0,0.934156348314221,5.711932010913243,8.137546974451743,0.2705655142740298,0.748227920202877,0.6418269230769231,0.7956730769230769,1.0,0,nan
random_design,stabilize,1012,0,1,0.1957442643395073,6.584578703742706,10.332723504334712,0.21575492024899187,0.7850391373770679,0.8529411764705882,0.8897058823529411,1.0,0,nan
random_design,stabilize,1013,1,0,0.9842970597402815,0.7907060395377712,0.0,0.7946445427722872,0.7946445427722872,0.8641826923076923,0.8774038461538461,1.0,1,12.0
random_design,stabilize,1014,1,0,0.9803761101380922,0.7453143036250498,0.0,0.7958531200751507,0.7958531200751507,0.8605769230769231,0.9134615384615384,1.0,1,7.0
random_design,stabilize,1015,0,1,0.18791161550394844,6.596396918556732,10.774114966975995,0.21409608750179826,0.8231918566316412,0.9158163265306123,0.9438775510204082,1.0,0,nan
random_design,stabilize,1016,1,0,0.979180388461149,0.8687640118237149,0.0,0.8227862899084301,0.8227862899084301,0.9146634615384616,0.9278846153846154,1.0,1,10.0
random_design,stabilize,1017,1,0,0.9820042143447346,1.5072021541297356,0.0,0.8035490945837099,0.8035490945837099,0.8305288461538461,0.8701923076923077,1.0,1,14.0
random_design,stabilize,1018,0,0,0.6378407657763214,7.490788173729923,10.38722626757216,0.22206980670073836,0.8135399713529026,0.9471153846153846,0.9735576923076923,1.0,0,nan
random_design,stabilize,1019,0,0,0.9560109914342949,6.0472062041607995,8.857879510320043,0.2616491752316957,0.791745118086885,0.9338942307692307,0.9471153846153846,1.0,0,nan
random_design,transform,1000,0,0,0.9696668482480951,0.0,0.0,0.5550064433011351,0.5550064433011351,0.7319711538461539,0.84375,0.0,1,0.0
random_design,transform,1001,0,0,0.9812583232652924,0.0,0.0,0.595,0.595,0.6430288461538461,0.8533653846153846,1.0,1,0.0
random_design,transform,1002,0,0,0.9749472882757029,0.0,0.0,0.5687577891416808,0.5687577891416808,0.7764423076923077,0.9254807692307693,1.0,1,0.0
random_design,transform,1003,0,0,0.9821838017968254,0.0,0.0,0.8600515129020005,0.8600515129020005,0.7536057692307693,0.7716346153846154,0.0,1,0.0
random_design,transform,1004,0,0,0.9824202393889391,0.0,0.0,0.5167979980771708,0.5167979980771708,0.796875,0.9423076923076923,1.0,1,0.0
random_design,transform,1005,0,0,0.9774215092977052,0.0,0.0,0.595,0.595,0.5540865384615384,0.6490384615384616,0.0,1,0.0
random_design,transform,1006,0,0,0.9685635280064933,0.0,0.0,0.47440411112504405,0.47440411112504405,0.7355769230769231,0.8918269230769231,0.0,1,0.0
random_design,transform,1007,0,0,0.9783797097944078,0.0,0.0,0.5194948685446643,0.5194948685446643,0.7548076923076923,0.7908653846153846,0.0,1,0.0
random_design,transform,1008,1,0,0.9792587427013469,0.0,0.0,0.8996990010550081,0.8996990010550081,0.7992788461538461,0.8173076923076923,1.0,1,0.0
random_design,transform,1009,0,0,0.97584023980543,0.0,0.0,0.5627333200840569,0.5627333200840569,0.6550480769230769,0.8221153846153846,0.0,1,0.0
random_design,transform,1010,0,0,0.9838606928793299,0.0,0.0,0.48515748114198126,0.48515748114198126,0.7079326923076923,0.7572115384615384,1.0,1,0.0
random_design,transform,1011,0,0,0.9810312747616645,0.0,0.0,0.8327992711113643,0.8327992711113643,0.6117788461538461,0.6682692307692307,0.0,1,0.0
random_design,transform,1012,0,0,0.9752519188478637,0.0,0.0,0.5356787546694449,0.5356787546694449,0.7980769230769231,0.9326923076923077,1.0,1,0.0
random_design,transform,1013,0,0,0.9835007803464054,0.0,0.0,0.595,0.595,0.7403846153846154,0.7716346153846154,1.0,0,0.0
random_design,transform,1014,0,0,0.9499606664048853,0.0,0.0,0.4138590700436362,0.4138590700436362,0.7115384615384616,0.7211538461538461,0.0,1,0.0
random_design,transform,1015,0,0,0.978821080910991,0.0,0.0,0.4231655960967463,0.4231655960967463,0.6887019230769231,0.7307692307692307,0.0,1,0.0
random_design,transform,1016,0,0,0.9814788868061379,0.0,0.0,0.595,0.595,0.7776442307692307,0.90625,0.0,1,0.0
random_design,transform,1017,0,0,0.9365398564400462,0.0,0.0,0.4896803250728494,0.4896803250728494,0.703125,0.7596153846153846,0.0,1,0.0
random_design,transform,1018,0,0,0.8149657438289847,0.0,0.0,0.14999999999999997,0.14999999999999997,0.6935096153846154,0.7475961538461539,0.0,1,0.0
random_design,transform,1019,0,0,0.9595028478483894,0.0,0.0,0.481145485596503,0.481145485596503,0.7103365384615384,0.7620192307692307,0.0,1,0.0
passive,construct,1000,0,1,0.15518439139158285,27.784630921562417,27.784630921562417,0.024896752842986758,0.8025677316478674,0.6212121212121212,0.7121212121212122,1.0,0,nan
passive,construct,1001,0,1,0.09218227630399241,26.299565356648458,26.299565356648454,0.031082679274456324,0.8322196406161306,0.725,0.8428571428571429,1.0,0,nan
passive,construct,1002,0,1,0.11318554870228974,22.024547967660983,22.024547967660986,0.05386870814455975,0.8452380058131721,0.6035714285714285,0.7,1.0,0,nan
passive,construct,1003,0,1,0.1096729721846868,26.650879263493536,26.650879263493533,0.031122828472771716,0.8707034884752625,0.515,0.57,1.0,0,nan
passive,construct,1004,0,1,0.1455482824669944,31.376397597521404,31.376397597521407,0.01527126658830751,0.7712578563398631,0.37142857142857144,0.4928571428571429,1.0,0,nan
passive,construct,1005,0,1,0.13561307900347963,25.936490149422283,25.936490149422283,0.03250014328015729,0.8315619224401088,0.74,0.85,1.0,0,nan
passive,construct,1006,0,1,0.13788945100989952,23.58788411072792,23.587884110727913,0.04480208799157834,0.8546912213861346,0.4034090909090909,0.6022727272727273,0.0,0,nan
passive,construct,1007,0,1,0.14382344264032773,29.599868074793452,29.599868074793452,0.01975732755915304,0.799117463050907,0.34615384615384615,0.75,0.0,0,nan
passive,construct,1008,0,0,0.707415395284395,29.097017926371752,29.09701792637176,0.021180392918246676,0.804485652470661,0.8112980769230769,0.875,1.0,0,nan
passive,construct,1009,0,1,0.14426343954272688,22.49426093282986,22.494260932829853,0.04386101438392733,0.7298277059905902,0.5161290322580645,0.5161290322580645,0.0,0,nan
passive,construct,1010,0,1,0.16048656062615183,29.820170287553488,29.82017028755348,0.02053656922278812,0.853826872150762,0.6944444444444444,0.7708333333333334,1.0,0,nan
passive,construct,1011,0,1,0.11580413346318835,22.977521198848343,22.97752119884835,0.046146555732705506,0.8156721326586054,0.49772727272727274,0.5863636363636363,0.0,0,nan
passive,construct,1012,0,1,0.1394169298407514,34.5975908786424,34.5975908786424,0.010801434511018022,0.8159701800453321,0.7867647058823529,0.7941176470588235,1.0,0,nan
passive,construct,1013,0,1,0.1341013323179499,24.445239701839892,24.44523970183989,0.03551363457796101,0.7541351968434633,0.5535714285714286,0.75,0.0,0,nan
passive,construct,1014,0,1,0.12741052704553837,27.724713335253902,27.724713335253902,0.025594577279246942,0.8189063011719857,0.7242647058823529,0.8455882352941176,1.0,0,nan
passive,construct,1015,0,1,0.16500253484637745,30.746411046696405,30.7464110466964,0.0171814902942261,0.8020203964385557,0.8307291666666666,0.8645833333333334,1.0,0,nan
passive,construct,1016,0,1,0.12377305059324456,28.548051341251867,28.54805134125187,0.023082748076776398,0.8185970167007673,0.3159722222222222,0.5486111111111112,0.0,0,nan
passive,construct,1017,0,1,0.18792025924928576,25.78406049934944,25.784060499349444,0.0336292234532002,0.8442114505201308,0.87109375,0.9140625,1.0,0,nan
passive,construct,1018,0,1,0.14329287244653374,24.04831206320989,24.04831206320989,0.03936324113859129,0.7954209112790328,0.40625,0.6125,0.0,0,nan
passive,construct,1019,0,1,0.15496304904478758,24.72077157835365,24.720771578353652,0.036546143311004906,0.8032549092860874,0.6180555555555556,0.8611111111111112,1.0,0,nan
passive,stabilize,1000,0,1,0.18544343355811937,7.6131412423420235,11.701680057673851,0.19048549701064532,0.8224486653144023,0.6987951807228916,0.7710843373493976,1.0,0,nan
passive,stabilize,1001,0,0,0.8254942513777205,6.279936588351166,9.895657654371536,0.2231069535354817,0.7686290516424727,0.8846153846153846,0.9182692307692307,1.0,0,nan
passive,stabilize,1002,0,0,0.931139699188282,4.98786780261949,7.20469793711704,0.3382964064343569,0.8325636667000912,0.8353365384615384,0.8822115384615384,1.0,0,nan
passive,stabilize,1003,0,0,0.9809831244244179,5.719630873720269,8.620892911114609,0.28832779593479163,0.8470075658326555,0.84375,0.8894230769230769,1.0,0,nan
passive,stabilize,1004,0,0,0.9636697807089587,6.3058507556317664,8.862276737644644,0.26625571134909554,0.8061273722238181,0.9206730769230769,0.9471153846153846,1.0,0,nan
passive,stabilize,1005,0,1,0.1529890955148703,6.611511057954928,12.020929196281687,0.18423152265523163,0.8278313015018084,0.7484375,0.840625,1.0,0,nan
passive,stabilize,1006,0,0,0.9228720886560958,4.410178783148723,6.370258242325934,0.36938500386414397,0.8190308502230885,0.8834134615384616,0.9254807692307693,1.0,0,nan
passive,stabilize,1007,0,0,0.9547663487510263,5.6330137501481286,8.025115479663087,0.29742611297262506,0.8110301821098053,0.7800480769230769,0.8653846153846154,1.0,0,nan
passive,stabilize,1008,0,1,0.16083127624775984,5.774263296397627,9.665614648317765,0.23515965575723297,0.7871875268900188,0.8571428571428571,0.8928571428571429,1.0,0,nan
passive,stabilize,1009,0,0,0.8580197232837059,5.688573633389039,8.10426928592411,0.27503555284497716,0.7574322035570311,0.6838942307692307,0.7211538461538461,1.0,0,nan
passive,stabilize,1010,0,0,0.8583014625827553,7.159980632918418,10.200520353746787,0.22899048363406813,0.8195418714079108,0.9134615384615384,0.9399038461538461,1.0,0,nan
passive,stabilize,1011,0,0,0.9377097203304593,5.711932010913243,8.137546974451743,0.2705655142740298,0.748227920202877,0.6971153846153846,0.7572115384615384,1.0,0,nan
passive,stabilize,1012,0,1,0.19162675864961048,6.6566584114464,10.332723504334712,0.21575492024899187,0.7850391373770679,0.8581730769230769,0.8966346153846154,1.0,0,nan
passive,stabilize,1013,0,0,0.9374226077296547,4.744236237226626,6.852785675994017,0.3374092850543307,0.7946445427722872,0.8641826923076923,0.8774038461538461,1.0,0,nan
passive,stabilize,1014,0,0,0.7764548984012475,7.879036924036239,11.07324108242931,0.19938936298523602,0.7958531200751507,0.8894230769230769,0.9423076923076923,1.0,0,nan
passive,stabilize,1015,0,0,0.7013802995113028,6.837419113657845,10.774114966975995,0.21409608750179826,0.8231918566316412,0.9206730769230769,0.9471153846153846,1.0,0,nan
passive,stabilize,1016,0,0,0.8714471935252119,6.42885368749549,9.035145722966634,0.26594865917764526,0.8227862899084301,0.9146634615384616,0.9278846153846154,1.0,0,nan
passive,stabilize,1017,0,1,0.19376069078298724,7.3848324390794335,11.196358859249465,0.19824297539402128,0.8035490945837099,0.8125,0.8563829787234043,1.0,0,nan
passive,stabilize,1018,0,0,0.648799917721766,7.490788173729923,10.38722626757216,0.22206980670073836,0.8135399713529026,0.9471153846153846,0.9735576923076923,1.0,0,nan
passive,stabilize,1019,0,0,0.9644878029920604,6.0472062041607995,8.857879510320043,0.2616491752316957,0.791745118086885,0.9002403846153846,0.9134615384615384,1.0,0,nan
passive,transform,1000,0,0,0.9681847171734359,0.0,0.0,0.5550064433011351,0.5550064433011351,0.8521634615384616,0.8701923076923077,1.0,0,0.0
passive,transform,1001,0,0,0.9776605293829889,0.0,0.0,0.5442138251329779,0.5442138251329779,0.7824519230769231,0.8677884615384616,1.0,0,0.0
passive,transform,1002,0,0,0.9686928042517241,0.0,0.0,0.4646881824488337,0.4646881824488337,0.8725961538461539,0.9206730769230769,1.0,0,0.0
passive,transform,1003,0,0,0.9791264183213346,0.0,0.0,0.5240240085156344,0.5240240085156344,0.890625,0.90625,1.0,0,0.0
passive,transform,1004,0,0,0.9817669027732508,0.0,0.0,0.5167979980771708,0.5167979980771708,0.9002403846153846,0.9423076923076923,1.0,0,0.0
passive,transform,1005,0,0,0.9751283522339822,0.0,0.0,0.595,0.595,0.7127403846153846,0.8076923076923077,1.0,0,0.0
passive,transform,1006,0,0,0.962288478417623,0.0,0.0,0.47440411112504405,0.47440411112504405,0.8605769230769231,0.8966346153846154,1.0,0,0.0
passive,transform,1007,0,0,0.9743657642808702,0.0,0.0,0.5194948685446643,0.5194948685446643,0.8653846153846154,0.8990384615384616,1.0,0,0.0
passive,transform,1008,0,0,0.972257153744445,0.0,0.0,0.5496990010550074,0.5496990010550074,0.9338942307692307,0.9471153846153846,1.0,0,0.0
passive,transform,1009,0,0,0.9700795969671558,0.0,0.0,0.5627333200840569,0.5627333200840569,0.6646634615384616,0.7692307692307693,1.0,0,0.0
passive,transform,1010,0,0,0.976594977157737,0.0,0.0,0.5351574811419811,0.5351574811419811,0.8641826923076923,0.9206730769230769,1.0,0,0.0
passive,transform,1011,0,0,0.9729727112574105,0.0,0.0,0.500126422545648,0.500126422545648,0.7199519230769231,0.7764423076923077,1.0,0,0.0
passive,transform,1012,0,0,0.9696464899091458,0.0,0.0,0.5356787546694449,0.5356787546694449,0.8990384615384616,0.9326923076923077,1.0,0,0.0
passive,transform,1013,0,0,0.9795164603045218,0.0,0.0,0.595,0.595,0.7668269230769231,0.7956730769230769,1.0,0,0.0
passive,transform,1014,0,0,0.9447297625265827,0.0,0.0,0.46879071941542894,0.46879071941542894,0.8533653846153846,0.8581730769230769,1.0,0,0.0
passive,transform,1015,0,0,0.9807079085505023,0.0,0.0,0.4731655960967467,0.4731655960967467,0.8088942307692307,0.8509615384615384,1.0,0,0.0
passive,transform,1016,0,0,0.9794659636985541,0.0,0.0,0.5600667536111661,0.5600667536111661,0.890625,0.9326923076923077,1.0,0,0.0
passive,transform,1017,0,0,0.9441056259050499,0.0,0.0,0.595,0.595,0.8545673076923077,0.9014423076923077,1.0,0,0.0
passive,transform,1018,0,0,0.9173436993507619,0.0,0.0,0.4824200382016671,0.4824200382016671,0.796875,0.8365384615384616,1.0,0,0.0
passive,transform,1019,0,0,0.9678330949884519,0.0,0.0,0.5405870048950414,0.5405870048950414,0.8185096153846154,0.8605769230769231,1.0,0,0.0
oracle,construct,1000,1,0,0.9827208601118483,0.24602714256616534,0.0,0.8025677316478674,0.8025677316478674,0.8918269230769231,0.9182692307692307,1.0,3,2.0
oracle,construct,1001,1,0,0.9771618586518703,0.21200696880232042,0.0,0.8322196406161306,0.8322196406161306,0.9074519230769231,0.9471153846153846,1.0,3,2.0
oracle,construct,1002,1,0,0.985052758653436,0.2071824933193883,0.0,0.8452380058131721,0.8452380058131721,0.9098557692307693,0.9230769230769231,1.0,3,2.0
oracle,construct,1003,1,0,0.9823818148137605,0.22961775504627516,0.0,0.8707034884752625,0.8707034884752625,0.6586538461538461,0.6923076923076923,1.0,3,2.0
oracle,construct,1004,1,0,0.9757339939518661,0.2932061678822375,0.0,0.7712578563398631,0.7712578563398631,0.8894230769230769,0.9158653846153846,1.0,3,2.0
oracle,construct,1005,1,0,0.984580315694695,0.22098170588160146,0.0,0.8315619224401088,0.8315619224401088,0.8990384615384616,0.9254807692307693,1.0,3,2.0
oracle,construct,1006,1,0,0.9817770084638807,0.18386616123356314,0.0,0.8546912213861346,0.8546912213861346,0.8377403846153846,0.8894230769230769,1.0,3,2.0
oracle,construct,1007,1,0,0.9822813444929702,0.26771454607079637,0.0,0.799117463050907,0.799117463050907,0.7920673076923077,0.8774038461538461,1.0,3,2.0
oracle,construct,1008,1,0,0.9788175967649073,0.2553106361825378,0.0,0.804485652470661,0.804485652470661,0.7536057692307693,0.8413461538461539,1.0,3,2.0
oracle,construct,1009,1,0,0.9681072100850041,0.19531971909299373,0.0,0.7298277059905902,0.7298277059905902,0.7764423076923077,0.7788461538461539,1.0,3,2.0
oracle,construct,1010,1,0,0.9610018658203693,0.24262126230947428,0.0,0.853826872150762,0.853826872150762,0.8894230769230769,0.9158653846153846,1.0,3,2.0
oracle,construct,1011,1,0,0.976795127953152,0.17905807428862885,0.0,0.8156721326586054,0.8156721326586054,0.8233173076923077,0.8870192307692307,1.0,3,2.0
oracle,construct,1012,1,0,0.9675599196936753,0.3237194075802136,0.0,0.8159701800453321,0.8159701800453321,0.7644230769230769,0.7740384615384616,1.0,3,2.0
oracle,construct,1013,1,0,0.9800039993939632,0.18136264194178686,0.0,0.7541351968434633,0.7541351968434633,0.7235576923076923,0.8052884615384616,1.0,3,2.0
oracle,construct,1014,1,0,0.970538012733815,0.2237075975509219,0.0,0.8189063011719857,0.8189063011719857,0.9338942307692307,0.9735576923076923,1.0,3,2.0
oracle,construct,1015,1,0,0.9775003548718618,0.28281452688890474,0.0,0.8020203964385557,0.8020203964385557,0.9194711538461539,0.9375,1.0,3,2.0
oracle,construct,1016,1,0,0.9746279896732306,0.23036911245251845,0.0,0.8185970167007673,0.8185970167007673,0.8629807692307693,0.8894230769230769,1.0,3,2.0
oracle,construct,1017,1,0,0.9725324416518741,0.21803634607857367,0.0,0.8442114505201308,0.8442114505201308,0.8677884615384616,0.8942307692307693,1.0,3,2.0
oracle,construct,1018,1,0,0.9622149910590762,0.18823913549283594,0.0,0.7954209112790328,0.7954209112790328,0.8762019230769231,0.9230769230769231,1.0,3,2.0
oracle,construct,1019,1,0,0.9684575202766941,0.20364787948917612,0.0,0.8032549092860874,0.8032549092860874,0.8966346153846154,0.9807692307692307,1.0,3,2.0
oracle,stabilize,1000,1,0,0.9736440031600079,0.11251615440071011,0.0,0.8224486653144023,0.8224486653144023,0.7596153846153846,0.8173076923076923,1.0,1,1.0
oracle,stabilize,1001,1,0,0.9667660630234098,0.09515055436895709,0.0,0.7686290516424727,0.7686290516424727,0.8846153846153846,0.9182692307692307,1.0,1,1.0
oracle,stabilize,1002,1,0,0.9622383369294247,0.06927594170304846,0.0,0.8325636667000912,0.8325636667000912,0.8353365384615384,0.8822115384615384,1.0,1,1.0
oracle,stabilize,1003,1,0,0.9844366057833996,0.08289320106840971,0.0,0.8470075658326555,0.8470075658326555,0.84375,0.8894230769230769,1.0,1,1.0
oracle,stabilize,1004,1,0,0.9817361739667342,0.08521419940042926,0.0,0.8061273722238181,0.8061273722238181,0.9206730769230769,0.9471153846153846,1.0,1,1.0
oracle,stabilize,1005,1,0,0.9722846365973132,0.11558585765655469,0.0,0.8278313015018084,0.8278313015018084,0.796875,0.8677884615384616,1.0,1,1.0
oracle,stabilize,1006,1,0,0.9636605008421155,0.06125248309928783,0.0,0.8190308502230885,0.8190308502230885,0.8834134615384616,0.9254807692307693,1.0,1,1.0
oracle,stabilize,1007,1,0,0.9822061953824115,0.07716457191983737,0.0,0.8110301821098053,0.8110301821098053,0.7800480769230769,0.8653846153846154,1.0,1,1.0
oracle,stabilize,1008,1,0,0.9748778863334734,0.09293860238767082,0.0,0.7871875268900188,0.7871875268900188,0.8942307692307693,0.9206730769230769,1.0,1,1.0
oracle,stabilize,1009,1,0,0.9757483058889762,0.07792566621080875,0.0,0.7574322035570311,0.7574322035570311,0.6262019230769231,0.6634615384615384,1.0,1,1.0
oracle,stabilize,1010,1,0,0.9769162527857779,0.0980819264783345,0.0,0.8195418714079108,0.8195418714079108,0.9134615384615384,0.9399038461538461,1.0,1,1.0
oracle,stabilize,1011,1,0,0.9647031194311394,0.07824564398511291,0.0,0.748227920202877,0.748227920202877,0.6730769230769231,0.7379807692307693,1.0,1,1.0
oracle,stabilize,1012,1,0,0.981311335036762,0.099353110618603,0.0,0.7850391373770679,0.7850391373770679,0.8581730769230769,0.8966346153846154,1.0,1,1.0
oracle,stabilize,1013,1,0,0.9819977194650896,0.06589216996148094,0.0,0.7946445427722872,0.7946445427722872,0.8641826923076923,0.8774038461538461,1.0,1,1.0
oracle,stabilize,1014,1,0,0.9755272918581811,0.10647347194643568,0.0,0.7958531200751507,0.7958531200751507,0.8894230769230769,0.9423076923076923,1.0,1,1.0
oracle,stabilize,1015,1,0,0.9686034164699086,0.1035972592978461,0.0,0.8231918566316412,0.8231918566316412,0.9206730769230769,0.9471153846153846,1.0,1,1.0
oracle,stabilize,1016,1,0,0.9779109429719806,0.08687640118237148,0.0,0.8227862899084301,0.8227862899084301,0.9146634615384616,0.9278846153846154,1.0,1,1.0
oracle,stabilize,1017,1,0,0.9810661307340385,0.10765729672355254,0.0,0.8035490945837099,0.8035490945837099,0.8161057692307693,0.8557692307692307,1.0,1,1.0
oracle,stabilize,1018,1,0,0.962269555117501,0.09987717564973231,0.0,0.8135399713529026,0.8135399713529026,0.9471153846153846,0.9735576923076923,1.0,1,1.0
oracle,stabilize,1019,1,0,0.9748745342234976,0.08517191836846195,0.0,0.791745118086885,0.791745118086885,0.9002403846153846,0.9134615384615384,1.0,1,1.0
oracle,transform,1000,1,0,0.9691338454358739,0.0,0.0,0.905006443301135,0.905006443301135,0.7415865384615384,0.7596153846153846,0.0,1,0.0
oracle,transform,1001,1,0,0.9785486755669814,0.0,0.0,0.8942138251329778,0.8942138251329778,0.6790865384615384,0.7644230769230769,1.0,1,0.0
oracle,transform,1002,1,0,0.9689803547064963,0.0,0.0,0.8146881824488336,0.8146881824488336,0.8317307692307693,0.8798076923076923,1.0,1,0.0
oracle,transform,1003,1,0,0.9788615622000382,0.0,0.0,0.8740240085156347,0.8740240085156347,0.7728365384615384,0.7884615384615384,1.0,1,0.0
oracle,transform,1004,1,0,0.9854527340300742,0.0,0.0,0.8667979980771711,0.8667979980771711,0.7800480769230769,0.8221153846153846,0.0,1,0.0
oracle,transform,1005,1,0,0.9759100065497183,0.0,0.0,0.8572592299657754,0.8572592299657754,0.5997596153846154,0.6947115384615384,1.0,1,0.0
oracle,transform,1006,1,0,0.9629679417820283,0.0,0.0,0.8244041111250442,0.8244041111250442,0.7403846153846154,0.7764423076923077,0.0,1,0.0
oracle,transform,1007,1,0,0.9764901586712653,0.0,0.0,0.8621642202779719,0.8621642202779719,0.7572115384615384,0.7908653846153846,0.0,1,0.0
oracle,transform,1008,1,0,0.9737131686545056,0.0,0.0,0.8996990010550081,0.8996990010550081,0.8185096153846154,0.8317307692307693,1.0,1,0.0
oracle,transform,1009,1,0,0.9717365288198377,0.0,0.0,0.8957975060564662,0.8957975060564662,0.6189903846153846,0.7235576923076923,1.0,1,0.0
oracle,transform,1010,1,0,0.9799929047693654,0.0,0.0,0.885157481141981,0.885157481141981,0.7439903846153846,0.8004807692307693,1.0,1,0.0
oracle,transform,1011,1,0,0.9793892871070624,0.0,0.0,0.8501264225456479,0.8501264225456479,0.6189903846153846,0.6754807692307693,1.0,1,0.0
oracle,transform,1012,1,0,0.968867727375853,0.0,0.0,0.8856787546694451,0.8856787546694451,0.78125,0.8149038461538461,0.0,1,0.0
oracle,transform,1013,1,0,0.979815598726831,0.0,0.0,0.8328606113269893,0.8328606113269893,0.6490384615384616,0.6778846153846154,0.0,1,0.0
oracle,transform,1014,1,0,0.9646821036563417,0.0,0.0,0.8187907194154288,0.8187907194154288,0.7668269230769231,0.7716346153846154,1.0,1,0.0
oracle,transform,1015,1,0,0.9800439424781457,0.0,0.0,0.8231655960967464,0.8231655960967464,0.6887019230769231,0.7307692307692307,0.0,1,0.0
oracle,transform,1016,1,0,0.9803293555123239,0.0,0.0,0.8871285090231532,0.8871285090231532,0.7776442307692307,0.8197115384615384,0.0,1,0.0
oracle,transform,1017,1,0,0.9654833051264087,0.0,0.0,0.7798594341158241,0.7798594341158241,0.7271634615384616,0.7740384615384616,0.0,1,0.0
oracle,transform,1018,1,0,0.9549772538159215,0.0,0.0,0.832420038201667,0.832420038201667,0.6382211538461539,0.6778846153846154,1.0,1,0.0
oracle,transform,1019,1,0,0.9702364194732588,0.0,0.0,0.8905870048950412,0.8905870048950412,0.7055288461538461,0.7475961538461539,0.0,1,0.0
