condition,task,missions,success_rate,success_rate_se,collision_rate,collision_rate_se,viability,viability_se,mean_gap,mean_gap_se,final_gap,final_gap_se,architecture_score,architecture_score_se,boundary_precision,boundary_precision_se,role_accuracy,role_accuracy_se,blanket_accuracy,blanket_accuracy_se,exact_partition,exact_partition_se,causal_changes,causal_changes_se,recovery_delay,recovery_delay_se
constitutive,construct,20,0.6,0.11239029738980327,0.4,0.11239029738980327,0.5512231534276315,0.08235194420211095,11.972959950044038,1.890715969393115,6.0227671739169,2.1043053282914785,0.5793663044854285,0.07716245619874604,0.8131843027662711,0.0077063298046581895,0.6839079912626467,0.05499411416409229,0.8109411416553508,0.0315111367586487,0.65,0.1094243309804831,2.3,0.24170447375168494,24.666666666666668,1.6111981864313267
constitutive,stabilize,20,0.9,0.06882472016116853,0.0,0.0,0.9678610413962687,0.004842587057890622,0.8922239367701705,0.37624887470773055,0.8120908130187926,0.5589205330211158,0.7558674125876578,0.037174053033076755,0.8038703654197029,0.005708676253745581,0.8458533653846153,0.01951956790153552,0.8849759615384617,0.017645877669998446,1.0,0.0,0.9,0.06882472016116853,3.7222222222222223,0.8197144232336199
constitutive,transform,20,0.75,0.09933992677987828,0.0,0.0,0.9733890663629172,0.0016885798725532607,0.0,0.0,0.0,0.0,0.8440009955008552,0.015202741185423004,0.8440009955008552,0.015202741185423004,0.7224759615384616,0.01571014348592195,0.7724759615384615,0.011841133695849148,0.45,0.11413288653790232,1.0,0.0,0.0,0.0
uniform_posterior,construct,20,0.25,0.09933992677987828,0.7,0.10513149660756935,0.3043854052473597,0.07022232872682628,15.11337547884369,1.4587515873696248,5.6934303183400825,1.3920449901129774,0.5021247375935811,0.06574514105066724,0.8131843027662711,0.0077063298046581895,0.658163668662905,0.03783309638008501,0.7866705526803036,0.028602974293317433,0.7,0.10513149660756935,2.35,0.15,33.0,4.844240566555987
uniform_posterior,stabilize,20,0.5,0.11470786693528086,0.1,0.06882472016116853,0.8707430985916895,0.05459191385485505,3.293867694399099,0.6152750926210804,4.4884058350079306,1.0594470958342772,0.5357609297518596,0.06262173501261528,0.8038703654197029,0.005708676253745581,0.848561298076923,0.01696026228247823,0.8888004807692308,0.014279652727308027,1.0,0.0,0.5,0.11470786693528086,7.1,1.5878007151752735
uniform_posterior,transform,20,0.05,0.04999999999999999,0.0,0.0,0.9591230420064246,0.009454007757815415,0.0,0.0,0.0,0.0,0.4792264977767279,0.04596081000629366,0.4792264977767279,0.04596081000629366,0.745673076923077,0.015357360172389556,0.8103365384615385,0.01574753416926031,0.55,0.11413288653790232,0.85,0.08191780219091253,0.0,0.0
diagnostic_only,construct,20,0.0,0.0,0.95,0.05000000000000001,0.16734991761465523,0.028769026852278196,26.913219211601568,0.7432938349603792,26.913219211601568,0.7432938349603792,0.03033694095268316,0.0025841373784421767,0.8131843027662711,0.0077063298046581895,0.5973743464970487,0.03867707750102524,0.7229579343246623,0.030282085045073473,0.7,0.10513149660756935,0.0,0.0,nan,nan
diagnostic_only,stabilize,20,0.0,0.0,0.2,0.09176629354822471,0.7347059787157875,0.06787543126064144,6.29256652686788,0.2137474681153231,9.365946753423758,0.36213351088308304,0.2540913241280569,0.011755335192291714,0.8038703654197029,0.005708676253745581,0.8385019265893361,0.02081141957444071,0.8798694275876009,0.018339642371351533,1.0,0.0,0.0,0.0,nan,nan
diagnostic_only,transform,20,0.0,0.0,0.0,0.0,0.9681478194247228,0.003539281235508173,0.0,0.0,0.0,0.0,0.5296027264430825,0.009437267945250391,0.5296027264430825,0.009437267945250391,0.8325721153846155,0.014797790384077277,0.8768028846153847,0.011503186791450458,1.0,0.0,0.0,0.0,0.0,0.0
factorized,construct,20,0.6,0.11239029738980327,0.4,0.11239029738980327,0.5224268322923316,0.08492107448137035,12.693381160425798,1.950722422299254,6.009123096206002,2.288090273064661,0.595805351863343,0.07563338609379593,0.8131843027662711,0.0077063298046581895,0.6158515785535602,0.05863308333234093,0.7465059896065993,0.04078426111094775,0.65,0.1094243309804831,2.3,0.26257830912139835,27.09090909090909,3.2903565583370646
factorized,stabilize,20,1.0,0.0,0.0,0.0,0.9855943782019049,0.00102255421388419,0.5123525456110645,0.1444716336573076,0.0,0.0,0.8038703654197029,0.005708676253745581,0.8038703654197029,0.005708676253745581,0.8317908653846153,0.016972349768551505,0.8765625,0.01463270713770177,1.0,0.0,1.0,0.0,5.7,1.6027936137946932
factorized,transform,20,0.0,0.0,0.0,0.0,0.9806303668515044,0.002582935434403103,0.0,0.0,0.0,0.0,0.5296027264430825,0.009437267945250391,0.5296027264430825,0.009437267945250391,0.7836538461538461,0.020815178980184385,0.8350961538461539,0.017026720143577593,0.95,0.05000000000000001,0.0,0.0,0.0,0.0
random_design,construct,20,0.0,0.0,0.9,0.06882472016116853,0.15752626316920854,0.02179701586754841,20.88027450401929,1.1114116289611042,14.738953855585468,1.3622870671887874,0.16147522859256463,0.022159104750889655,0.8131843027662711,0.0077063298046581895,0.6173812794815838,0.03837525464026857,0.7483561609028901,0.027462738055454572,0.55,0.11413288653790232,1.3,0.1468977445995038,nan,nan
random_design,stabilize,20,0.45,0.11413288653790232,0.25,0.09933992677987828,0.7531416166045586,0.07782280237078767,3.746176650407578,0.6317051536939926,5.173889339251701,1.1142460071626428,0.5007345407327478,0.06333830509052663,0.8038703654197029,0.005708676253745581,0.8324481858270374,0.01842447094812291,0.8812565695793987,0.01337593117301905,1.0,0.0,0.45,0.11413288653790232,9.222222222222221,1.5703660027891744
random_design,transform,20,0.05,0.04999999999999999,0.0,0.0,0.9657426989827467,0.008388424179770291,0.0,0.0,0.0,0.0,0.5574215513981644,0.03703100687508066,0.5574215513981644,0.03703100687508066,0.7171874999999999,0.01445890560823355,0.8032451923076923,0.019136658481193447,0.35,0.10942433098048308,0.95,0.05000000000000001,0.0,0.0
passive,construct,20,0.0,0.0,0.95,0.05000000000000001,0.1668474764002092,0.028855625620184747,26.913219211601568,0.743293834960379,26.913219211601568,0.7432938349603792,0.03033694095268316,0.0025841373784421767,0.8131843027662711,0.0077063298046581895,0.5976037709704248,0.03862547233979157,0.7229504082485878,0.030294158350675775,0.65,0.1094243309804831,0.0,0.0,nan,nan
passive,stabilize,20,0.0,0.0,0.25,0.09933992677987828,0.7008800086969005,0.0720443127036965,6.268245580918379,0.21531631510365326,9.365946753423758,0.36213351088308304,0.2540913241280569,0.011755335192291714,0.8038703654197029,0.005708676253745581,0.8426827192009798,0.01806179769475721,0.8842734344849589,0.01511787416970236,1.0,0.0,0.0,0.0,nan,nan
passive,transform,20,0.0,0.0,0.0,0.0,0.9681233705597766,0.0035387704137510596,0.0,0.0,0.0,0.0,0.5296027264430825,0.009437267945250391,0.5296027264430825,0.009437267945250391,0.8304086538461538,0.015875756677393483,0.8746394230769232,0.012314534003867306,1.0,0.0,0.0,0.0,0.0,0.0
oracle,construct,20,1.0,0.0,0.0,0.0,0.9754923492405977,0.0016112693630384266,0.2292404640075457,0.008866586708345137,0.0,0.0,0.8131843027662711,0.0077063298046581895,0.8131843027662711,0.0077063298046581895,0.843689903846154,0.01681211279805619,0.8844951923076924,0.016248999614357114,1.0,0.0,3.0,0.0,2.0,0.0
oracle,stabilize,20,1.0,0.0,0.0,0.0,0.9741389503000573,0.001612125199642149,0.09005718032138228,0.0034820529892604147,0.0,0.0,0.8038703654197029,0.005708676253745581,0.8038703654197029,0.005708676253745581,0.84609375,0.018821653054220712,0.8854567307692308,0.016666451239621696,1.0,0.0,1.0,0.0,1.0,0.0
oracle,transform,20,1.0,0.0,0.0,0.0,0.9732806437229167,0.001691990023789977,0.0,0.0,0.0,0.0,0.8589914548693972,0.007888132130568052,0.8589914548693972,0.007888132130568052,0.7218749999999999,0.015400372671271478,0.7661057692307691,0.012612026228262175,0.5,0.11470786693528086,1.0,0.0,0.0,0.0
